alumno_id,grupo,carrera,Aritmetica1,Aritmetica2,Aritmetica3,Aritmetica4,Aritmetica5,Aritmetica6,Aritmetica7,Aritmetica8,Algebra1,Algebra2,Algebra3,Algebra4,Algebra5,Algebra6,Algebra7,Algebra8,Algebra9,Geometria1,Geometria2,Geometria3,Geometria4,Geometria5,Geometria6,Geometria7,Geometria8,Trigonometria1,Trigonometria2,Trigonometria3,Trigonometria4,Cal Aritmetica,Cal Algebra,Cal Geometria,Cal Trigonometria,Suma Aritmetica,Suma Algebra,Suma Geometria,Suma Trigonometria,Cal Final,Suma Final,Aprobado Aritmetica,Aprobado Algebra,Aprobado Geometria,Aprobado Trigonometria,Aprobado General,Curso
2243330372,G,I.S.C. ,1,1,1,1,1,1,1,1,1,1,1,1,1,0,1,1,1,1,1,1,1,1,1,1,1,1,1,1,1,100,89,100,100,8,8,8,4,97,28,APROBADO,APROBADO,APROBADO,APROBADO,APROBADO,NO
2243330075,R,I.C.,1,1,1,0,1,1,1,1,1,1,1,1,1,1,1,1,1,1,1,1,1,1,1,1,1,1,1,1,0,88,100,100,75,7,9,8,3,93,27,APROBADO,APROBADO,APROBADO,APROBADO,APROBADO,NO
2243330325,H,I.S.C.,1,1,1,1,1,1,0,1,1,1,1,1,1,1,1,1,1,1,1,1,1,1,1,1,1,1,1,1,0,88,100,100,75,7,9,8,3,93,27,APROBADO,APROBADO,APROBADO,APROBADO,APROBADO,NO
2243330042,R,I.C.,1,1,1,1,1,1,0,1,1,1,1,1,1,1,1,1,0,1,0,1,1,1,1,1,1,1,1,1,1,88,89,88,100,7,8,7,4,90,26,APROBADO,APROBADO,APROBADO,APROBADO,APROBADO,NO
2243330209,C,I.I.S.,1,1,0,1,1,1,1,1,1,1,1,1,1,0,1,1,0,1,1,0,1,1,1,1,1,1,1,1,1,88,78,88,100,7,7,7,4,86,25,APROBADO,APROBADO,APROBADO,APROBADO,APROBADO,NO
2243330117,R,I.C.,1,1,1,1,1,1,0,1,1,1,1,1,1,0,1,0,0,1,1,1,1,1,1,1,1,1,1,1,0,88,67,100,75,7,6,8,3,83,24,APROBADO,APROBADO,APROBADO,APROBADO,APROBADO,NO
2243330295,T,I.N.,1,1,1,1,1,1,0,1,1,1,0,1,1,0,1,1,0,1,1,0,1,1,1,1,1,1,1,1,1,88,67,88,100,7,6,7,4,83,24,APROBADO,APROBADO,APROBADO,APROBADO,APROBADO,NO
2243330008,S,I.C.,1,1,1,1,1,1,0,1,1,1,1,0,1,0,0,1,1,0,1,1,1,1,1,1,1,1,1,1,0,88,67,88,75,7,6,7,3,79,23,APROBADO,APROBADO,APROBADO,APROBADO,APROBADO,NO
2243330232,C,I.I.S.,1,1,1,1,1,1,1,1,1,1,1,1,1,0,1,0,0,1,0,1,1,1,1,1,1,0,1,1,0,100,67,88,50,8,6,7,2,79,23,APROBADO,APROBADO,APROBADO,REPROBADO,APROBADO,SI
2243330331,I,I.S.C.,1,1,1,1,1,1,1,1,0,1,1,1,1,0,0,0,0,1,1,0,1,1,1,1,1,1,1,1,1,100,44,88,100,8,4,7,4,79,23,APROBADO,REPROBADO,APROBADO,APROBADO,APROBADO,SI
2243330339,G,I.S.C. ,1,1,1,1,1,1,0,1,1,0,1,1,1,1,0,0,0,1,1,1,1,1,1,1,1,1,0,1,1,88,56,100,75,7,5,8,3,79,23,APROBADO,REPROBADO,APROBADO,APROBADO,APROBADO,SI
2243330062,R,I.C.,1,1,1,1,1,1,1,0,1,1,0,1,0,0,0,0,0,1,1,1,1,1,1,1,1,1,1,1,1,88,33,100,100,7,3,8,4,76,22,APROBADO,REPROBADO,APROBADO,APROBADO,APROBADO,SI
2243330004,A,I.C.,1,1,0,1,1,1,1,1,1,1,1,1,1,0,0,1,1,1,1,0,1,1,1,0,0,1,1,1,0,88,78,63,75,7,7,5,3,76,22,APROBADO,APROBADO,APROBADO,APROBADO,APROBADO,NO
2243330033,A,I.C.,1,1,1,1,1,1,1,1,1,1,1,1,0,0,0,0,1,1,1,1,1,1,1,0,0,1,1,1,0,100,56,75,75,8,5,6,3,76,22,APROBADO,REPROBADO,APROBADO,APROBADO,APROBADO,SI
2243330126,A,I.C.,1,1,1,1,1,1,0,1,1,1,0,1,1,1,0,0,0,1,1,1,1,1,1,0,0,1,1,1,1,88,56,75,100,7,5,6,4,76,22,APROBADO,REPROBADO,APROBADO,APROBADO,APROBADO,SI
2243330103,R,I.C.,1,1,1,1,0,1,1,1,1,1,1,0,1,0,0,1,0,1,0,1,1,1,1,1,1,1,1,0,0,88,56,88,50,7,5,7,2,72,21,APROBADO,REPROBADO,APROBADO,REPROBADO,APROBADO,SI
2243330384,H,I.S.C.,1,1,1,1,1,1,0,1,1,1,1,1,1,0,1,1,1,0,0,1,1,1,1,1,0,1,0,0,0,88,89,63,25,7,8,5,1,72,21,APROBADO,APROBADO,APROBADO,REPROBADO,APROBADO,SI
2213320582,H,I.S.C.,1,1,0,1,1,0,1,1,1,1,1,1,1,0,1,0,0,1,1,0,1,1,1,1,1,1,1,0,0,75,67,88,50,6,6,7,2,72,21,APROBADO,APROBADO,APROBADO,REPROBADO,APROBADO,SI
2243330390,H,I.S.C.,1,1,1,1,1,1,0,1,1,0,1,1,1,1,0,1,0,1,1,1,1,1,1,0,1,0,0,1,0,88,67,88,25,7,6,7,1,72,21,APROBADO,APROBADO,APROBADO,REPROBADO,APROBADO,SI
2243330249,C,I.I.S.,1,1,0,1,0,1,1,1,1,1,1,0,1,0,1,0,0,1,0,1,0,1,1,1,1,1,1,1,1,75,56,75,100,6,5,6,4,72,21,APROBADO,REPROBADO,APROBADO,APROBADO,APROBADO,SI
2243330199,D,I.I.S.,1,1,1,1,1,1,0,1,1,1,1,1,1,0,0,1,0,1,1,1,1,1,1,1,0,0,0,0,1,88,67,88,25,7,6,7,1,72,21,APROBADO,APROBADO,APROBADO,REPROBADO,APROBADO,SI
2213270084,A,I.C.,0,1,0,1,1,1,1,1,1,1,0,1,1,0,0,1,1,1,0,1,1,1,1,0,0,1,1,1,1,75,67,63,100,6,6,5,4,72,21,APROBADO,APROBADO,APROBADO,APROBADO,APROBADO,NO
2243330124,A,I.C.,1,1,1,1,1,1,0,1,1,1,1,0,0,1,0,1,0,1,1,0,1,1,1,0,0,1,1,1,1,88,56,63,100,7,5,5,4,72,21,APROBADO,REPROBADO,APROBADO,APROBADO,APROBADO,SI
2243330024,R,I.C.,1,1,1,1,0,1,1,1,1,1,1,0,1,0,1,0,0,1,1,1,1,1,1,1,1,0,0,0,0,88,56,100,0,7,5,8,0,69,20,APROBADO,REPROBADO,APROBADO,REPROBADO,APROBADO,SI
2243330045,R,I.C.,1,0,0,1,1,1,0,1,1,1,1,0,1,0,1,1,1,1,1,1,1,1,1,1,1,0,0,0,0,63,78,100,0,5,7,8,0,69,20,APROBADO,APROBADO,APROBADO,REPROBADO,APROBADO,SI
2243330384,H,I.S.C.,1,1,1,1,1,1,0,1,1,1,1,1,1,0,1,1,0,0,0,1,1,1,1,1,0,1,0,0,0,88,78,63,25,7,7,5,1,69,20,APROBADO,APROBADO,APROBADO,REPROBADO,APROBADO,SI
2243335005,T,I.N.,1,1,1,1,0,1,0,1,1,0,1,1,1,0,0,0,0,1,1,1,1,1,1,1,0,1,1,1,0,75,44,88,75,6,4,7,3,69,20,APROBADO,REPROBADO,APROBADO,APROBADO,APROBADO,SI
2243330344,H,I.S.C.,1,1,0,1,1,1,0,1,1,1,1,1,1,0,0,0,0,1,0,0,1,1,1,1,1,1,1,1,0,75,56,75,75,6,5,6,3,69,20,APROBADO,REPROBADO,APROBADO,APROBADO,APROBADO,SI
2243330362,H,I.S.C.,1,1,1,1,0,1,0,1,1,1,0,1,0,0,0,1,0,1,0,1,1,1,1,1,1,1,1,1,0,75,44,88,75,6,4,7,3,69,20,APROBADO,REPROBADO,APROBADO,APROBADO,APROBADO,SI
2243330311,H,I.S.C.,0,1,1,0,0,1,1,0,1,1,1,1,1,1,1,1,1,1,1,1,1,0,0,0,0,1,1,1,0,50,100,50,75,4,9,4,3,69,20,REPROBADO,APROBADO,REPROBADO,APROBADO,APROBADO,SI
2243330344,H,I.S.C.,1,1,0,1,1,1,0,1,1,1,1,1,1,0,0,0,0,1,0,0,1,1,1,1,1,1,1,1,0,75,56,75,75,6,5,6,3,69,20,APROBADO,REPROBADO,APROBADO,APROBADO,APROBADO,SI
2243330208,C,I.I.S.,1,1,0,1,1,1,1,1,1,0,1,1,1,0,0,0,0,1,1,0,1,1,1,1,0,1,1,1,0,88,44,75,75,7,4,6,3,69,20,APROBADO,REPROBADO,APROBADO,APROBADO,APROBADO,SI
2243330191,D,I.I.S.,1,1,1,0,1,1,0,1,1,1,1,0,1,0,0,1,1,1,0,1,1,1,1,1,1,0,0,1,0,75,67,88,25,6,6,7,1,69,20,APROBADO,APROBADO,APROBADO,REPROBADO,APROBADO,SI
2213208016,A,I.C.,1,1,1,1,1,0,1,1,1,1,1,1,1,1,0,1,0,1,1,1,1,1,1,0,0,0,0,0,0,88,78,75,0,7,7,6,0,69,20,APROBADO,APROBADO,APROBADO,REPROBADO,APROBADO,SI
2243330346,G,I.S.C. ,1,1,1,1,1,1,1,1,1,1,1,1,1,1,1,1,0,1,1,0,1,0,0,0,0,0,0,0,1,100,89,38,25,8,8,3,1,69,20,APROBADO,APROBADO,REPROBADO,REPROBADO,APROBADO,SI
2243330163,E,I.I.S.,1,1,1,0,1,1,1,1,1,1,1,0,1,1,0,0,0,1,1,1,1,1,1,1,1,0,0,0,0,88,56,100,0,7,5,8,0,69,20,APROBADO,REPROBADO,APROBADO,REPROBADO,APROBADO,SI
2243335016,R,I.C.,1,1,1,0,1,1,1,0,1,1,1,1,1,1,1,1,0,1,0,1,0,1,1,0,0,1,0,0,0,75,89,50,25,6,8,4,1,66,19,APROBADO,APROBADO,REPROBADO,REPROBADO,APROBADO,SI
2243330047,R,I.C.,1,1,0,1,1,1,0,0,1,1,1,0,1,1,0,1,0,1,1,1,1,1,1,1,1,0,0,0,0,63,67,100,0,5,6,8,0,66,19,APROBADO,APROBADO,APROBADO,REPROBADO,APROBADO,SI
2243330362,H,I.S.C.,1,1,1,1,0,1,0,1,1,1,0,0,0,0,0,1,0,1,0,1,1,1,1,1,1,1,1,1,0,75,33,88,75,6,3,7,3,66,19,APROBADO,REPROBADO,APROBADO,APROBADO,APROBADO,SI
2241390312,H,I.S.C.,1,1,0,1,1,0,0,0,1,1,1,1,0,1,1,1,1,1,1,1,1,0,0,1,1,0,0,1,0,50,89,75,25,4,8,6,1,66,19,REPROBADO,APROBADO,APROBADO,REPROBADO,APROBADO,SI
2243330179,C,I.I.S.,1,1,1,1,0,1,1,1,1,1,1,1,1,0,1,0,0,1,1,0,1,1,1,1,0,0,0,0,0,88,67,75,0,7,6,6,0,66,19,APROBADO,APROBADO,APROBADO,REPROBADO,APROBADO,SI
2243330393,I,I.S.C.,1,1,1,1,1,1,0,1,0,1,1,1,1,0,1,0,0,1,1,0,1,1,1,1,1,0,0,0,0,88,56,88,0,7,5,7,0,66,19,APROBADO,REPROBADO,APROBADO,REPROBADO,APROBADO,SI
2243330090,A,I.C.,1,1,1,1,1,1,1,1,0,1,0,1,1,0,0,1,1,1,1,1,1,1,1,0,0,0,0,0,0,100,56,75,0,8,5,6,0,66,19,APROBADO,REPROBADO,APROBADO,REPROBADO,APROBADO,SI
2243330359,G,I.S.C. ,1,1,1,1,1,1,1,1,1,1,1,1,1,1,0,0,0,1,1,1,1,0,0,0,0,0,0,0,1,100,67,50,25,8,6,4,1,66,19,APROBADO,APROBADO,REPROBADO,REPROBADO,APROBADO,SI
2243330051,R,I.C.,1,1,1,1,1,1,0,1,1,0,0,1,1,0,0,0,0,1,0,1,1,1,1,1,1,0,0,0,1,88,33,88,25,7,3,7,1,62,18,APROBADO,REPROBADO,APROBADO,REPROBADO,APROBADO,SI
2243330071,R,I.C.,0,1,1,0,1,1,1,0,1,1,0,1,1,0,0,0,0,1,0,0,1,1,1,1,1,1,1,0,1,63,44,75,75,5,4,6,3,62,18,APROBADO,REPROBADO,APROBADO,APROBADO,APROBADO,SI
2243330098,B,I.C.,1,1,0,1,0,1,1,1,0,1,0,0,0,0,0,1,0,1,1,0,1,1,1,1,1,1,1,1,0,75,22,88,75,6,2,7,3,62,18,APROBADO,REPROBADO,APROBADO,APROBADO,APROBADO,SI
2243330074,S,I.C.,1,1,1,1,1,1,0,1,1,1,1,1,1,0,0,0,0,1,0,0,0,1,1,1,1,1,0,0,0,88,56,63,25,7,5,5,1,62,18,APROBADO,REPROBADO,APROBADO,REPROBADO,APROBADO,SI
2243330370,H,I.S.C.,1,1,1,1,1,1,0,1,1,1,0,1,1,0,1,0,0,1,1,0,0,1,1,1,1,0,0,0,0,88,56,75,0,7,5,6,0,62,18,APROBADO,REPROBADO,APROBADO,REPROBADO,APROBADO,SI
2213267004,H,I.S.C.,1,1,0,0,1,1,0,1,1,1,0,1,1,0,0,0,0,1,1,1,1,1,1,1,1,0,0,0,1,63,44,100,25,5,4,8,1,62,18,APROBADO,REPROBADO,APROBADO,REPROBADO,APROBADO,SI
2203267191,C,I.I.S.,1,1,1,1,0,1,0,1,1,1,1,1,1,0,1,0,0,1,1,0,1,1,1,1,0,0,0,0,0,75,67,75,0,6,6,6,0,62,18,APROBADO,APROBADO,APROBADO,REPROBADO,APROBADO,SI
2243330171,C,I.I.S.,1,1,1,1,0,1,1,1,1,1,0,1,0,0,0,0,0,0,0,1,0,1,1,1,1,1,1,1,0,88,33,63,75,7,3,5,3,62,18,APROBADO,REPROBADO,APROBADO,APROBADO,APROBADO,SI
2243330187,D,I.I.S.,1,0,0,1,0,1,1,1,1,1,1,1,0,0,1,1,0,1,0,1,1,1,0,1,0,1,0,0,1,63,67,63,50,5,6,5,2,62,18,APROBADO,APROBADO,APROBADO,REPROBADO,APROBADO,SI
2243330239,D,I.I.S.,1,1,1,0,1,1,0,1,1,0,0,0,0,0,0,1,0,1,1,0,1,1,1,1,1,1,1,1,0,75,22,88,75,6,2,7,3,62,18,APROBADO,REPROBADO,APROBADO,APROBADO,APROBADO,SI
2243330218,D,I.I.S.,1,1,1,1,1,1,0,1,0,1,0,1,0,0,0,0,0,1,1,0,0,1,1,1,0,1,1,1,1,88,22,63,100,7,2,5,4,62,18,APROBADO,REPROBADO,APROBADO,APROBADO,APROBADO,SI
2243330333,J,I.S.C.,1,1,0,1,0,1,1,1,1,1,1,1,1,1,1,0,0,1,0,0,1,1,1,0,0,0,0,0,1,75,78,50,25,6,7,4,1,62,18,APROBADO,APROBADO,REPROBADO,REPROBADO,APROBADO,SI
2243330340,I,I.S.C.,1,1,1,1,1,0,1,1,0,1,0,0,1,0,1,0,0,1,1,1,1,1,1,1,1,0,0,0,0,88,33,100,0,7,3,8,0,62,18,APROBADO,REPROBADO,APROBADO,REPROBADO,APROBADO,SI
2243330360,I,I.S.C.,1,1,1,1,1,1,1,1,1,1,0,1,1,0,0,0,0,1,1,0,0,1,1,1,1,0,0,0,0,100,44,75,0,8,4,6,0,62,18,APROBADO,REPROBADO,APROBADO,REPROBADO,APROBADO,SI
2243330049,A,I.C.,1,1,1,0,1,0,0,0,1,1,0,1,1,0,0,1,0,1,1,1,1,1,1,0,0,1,1,1,0,50,56,75,75,4,5,6,3,62,18,REPROBADO,REPROBADO,APROBADO,APROBADO,APROBADO,SI
2243330383,G,I.S.C. ,1,1,1,1,1,1,1,1,1,1,0,0,1,0,0,0,0,0,1,1,1,1,1,1,1,0,0,0,0,100,33,88,0,8,3,7,0,62,18,APROBADO,REPROBADO,APROBADO,REPROBADO,APROBADO,SI
2243330343,G,I.S.C. ,1,1,0,1,1,1,0,0,1,1,0,0,1,0,0,1,0,1,0,0,1,1,1,1,0,1,1,1,1,63,44,63,100,5,4,5,4,62,18,APROBADO,REPROBADO,APROBADO,APROBADO,APROBADO,SI
2243330006,R,I.C.,1,1,1,1,1,1,1,1,1,1,0,0,0,0,0,0,0,1,1,1,0,0,1,1,1,0,0,0,1,100,22,75,25,8,2,6,1,59,17,APROBADO,REPROBADO,APROBADO,REPROBADO,REPROBADO,SI
2243330112,S,I.C.,1,1,1,1,1,1,0,0,1,1,0,0,1,0,0,0,0,1,1,1,1,1,1,1,1,0,0,0,0,75,33,100,0,6,3,8,0,59,17,APROBADO,REPROBADO,APROBADO,REPROBADO,REPROBADO,SI
2243330036,S,I.C.,1,1,1,1,1,1,0,1,0,1,1,1,1,1,0,0,0,0,0,1,1,1,1,1,0,0,0,0,0,88,56,63,0,7,5,5,0,59,17,APROBADO,REPROBADO,APROBADO,REPROBADO,REPROBADO,SI
2243330323,H,I.S.C.,1,1,1,1,1,1,1,0,1,0,0,0,0,0,0,0,0,1,1,0,1,1,1,0,1,1,1,1,0,88,11,75,75,7,1,6,3,59,17,APROBADO,REPROBADO,APROBADO,APROBADO,REPROBADO,SI
2243330213,D,I.I.S.,1,0,1,0,0,1,1,1,1,0,1,0,1,0,0,1,0,1,1,1,1,1,1,1,0,0,0,1,0,63,44,88,25,5,4,7,1,59,17,APROBADO,REPROBADO,APROBADO,REPROBADO,REPROBADO,SI
2243330135,D,I.I.S.,1,0,0,1,1,1,1,1,1,1,0,1,0,0,0,0,0,1,0,1,0,1,1,1,1,1,1,0,0,75,33,75,50,6,3,6,2,59,17,APROBADO,REPROBADO,APROBADO,REPROBADO,REPROBADO,SI
2243330195,D,I.I.S.,1,1,1,1,1,1,1,1,1,0,0,1,0,0,0,0,0,1,1,1,0,1,0,1,1,0,0,0,1,100,22,75,25,8,2,6,1,59,17,APROBADO,REPROBADO,APROBADO,REPROBADO,REPROBADO,SI
2243330129,D,I.I.S.,1,1,0,1,0,1,1,1,0,1,0,1,1,0,0,0,0,0,0,1,0,1,1,1,1,1,1,1,0,75,33,63,75,6,3,5,3,59,17,APROBADO,REPROBADO,APROBADO,APROBADO,REPROBADO,SI
2243330201,D,I.I.S.,1,1,1,1,1,1,0,1,0,0,0,1,1,0,0,0,0,1,1,0,0,1,0,1,1,1,1,1,0,88,22,63,75,7,2,5,3,59,17,APROBADO,REPROBADO,APROBADO,APROBADO,REPROBADO,SI
2243330285,Q,I.N.,1,1,0,1,1,1,1,1,1,0,0,0,1,0,0,0,0,1,0,0,1,1,1,1,1,1,1,0,0,88,22,75,50,7,2,6,2,59,17,APROBADO,REPROBADO,APROBADO,REPROBADO,REPROBADO,SI
2243330388,G,I.S.C. ,1,1,1,1,1,1,1,0,0,1,0,0,1,0,0,1,0,1,0,1,0,1,1,0,0,1,1,1,0,88,33,50,75,7,3,4,3,59,17,APROBADO,REPROBADO,REPROBADO,APROBADO,REPROBADO,SI
2243330127,E,I.I.S.,1,1,1,1,0,1,1,1,1,0,0,0,1,0,0,0,0,1,0,1,1,1,1,1,1,0,0,1,0,88,22,88,25,7,2,7,1,59,17,APROBADO,REPROBADO,APROBADO,REPROBADO,REPROBADO,SI
2233390362,R,I.C.,1,1,1,1,1,1,1,0,0,1,0,0,0,0,0,0,0,1,1,1,1,0,1,1,1,0,0,0,1,88,11,88,25,7,1,7,1,55,16,APROBADO,REPROBADO,APROBADO,REPROBADO,REPROBADO,SI
2203510162,B,I.C.,1,0,1,0,0,1,0,0,1,1,0,0,1,0,0,0,0,1,1,0,0,1,1,1,1,1,1,1,1,38,33,75,100,3,3,6,4,55,16,REPROBADO,REPROBADO,APROBADO,APROBADO,REPROBADO,SI
2243330093,B,I.C.,1,0,0,0,0,1,1,1,1,1,0,1,1,0,0,0,0,1,0,1,1,1,1,1,0,0,0,1,1,50,44,75,50,4,4,6,2,55,16,REPROBADO,REPROBADO,APROBADO,REPROBADO,REPROBADO,SI
2203223014,S,I.C.,0,1,1,1,1,0,1,1,0,0,0,0,0,0,0,0,1,1,0,1,0,1,1,1,1,1,1,1,0,75,11,75,75,6,1,6,3,55,16,APROBADO,REPROBADO,APROBADO,APROBADO,REPROBADO,SI
2243330341,H,I.S.C.,1,1,0,1,0,1,0,1,1,1,1,1,1,0,0,0,0,1,1,0,0,1,1,0,0,1,1,0,0,63,56,50,50,5,5,4,2,55,16,APROBADO,REPROBADO,REPROBADO,REPROBADO,REPROBADO,SI
2213216002,C,I.I.S.,1,1,1,0,1,1,1,1,1,1,0,1,0,0,0,0,0,0,1,1,0,1,0,0,0,1,1,1,0,88,33,38,75,7,3,3,3,55,16,APROBADO,REPROBADO,REPROBADO,APROBADO,REPROBADO,SI
2213266049,C,I.I.S.,1,1,0,0,1,1,1,1,1,1,1,0,0,0,0,0,0,1,1,1,1,1,1,1,0,0,0,0,0,75,33,88,0,6,3,7,0,55,16,APROBADO,REPROBADO,APROBADO,REPROBADO,REPROBADO,SI
2222390025,D,I.I.S.,1,0,0,0,0,0,1,1,1,0,0,1,1,0,0,1,1,1,0,0,1,1,1,1,1,1,1,0,0,38,56,75,50,3,5,6,2,55,16,REPROBADO,REPROBADO,APROBADO,REPROBADO,REPROBADO,SI
2243330223,D,I.I.S.,1,1,1,0,0,1,1,1,0,1,0,1,0,0,0,0,1,1,1,0,1,1,1,1,1,0,0,0,0,75,33,88,0,6,3,7,0,55,16,APROBADO,REPROBADO,APROBADO,REPROBADO,REPROBADO,SI
2243330394,J,I.S.C.,1,1,1,1,1,1,1,0,1,1,0,1,1,0,0,0,0,0,1,0,0,1,1,1,0,1,0,0,0,88,44,50,25,7,4,4,1,55,16,APROBADO,REPROBADO,REPROBADO,REPROBADO,REPROBADO,SI
2233336140,Q,I.N.,1,1,1,1,0,1,1,0,0,1,1,1,1,0,0,0,0,0,1,0,0,1,1,1,0,0,1,1,0,75,44,50,50,6,4,4,2,55,16,APROBADO,REPROBADO,REPROBADO,REPROBADO,REPROBADO,SI
2243330296,Q,I.N.,1,1,0,0,1,0,0,0,1,1,1,1,1,1,1,1,1,1,0,0,0,1,0,0,0,1,1,0,0,38,100,25,50,3,9,2,2,55,16,REPROBADO,APROBADO,REPROBADO,REPROBADO,REPROBADO,SI
2243330095,A,I.C.,1,1,1,1,0,1,1,0,1,1,1,1,1,0,0,0,0,1,1,1,1,1,0,0,0,0,0,0,0,75,56,63,0,6,5,5,0,55,16,APROBADO,REPROBADO,APROBADO,REPROBADO,REPROBADO,SI
2243330100,A,I.C.,1,1,1,0,1,0,0,1,1,1,1,1,1,0,0,0,0,1,1,1,1,1,1,0,0,0,0,0,0,63,56,75,0,5,5,6,0,55,16,APROBADO,REPROBADO,APROBADO,REPROBADO,REPROBADO,SI
2243330108,A,I.C.,1,1,0,1,0,1,1,0,1,1,0,1,1,0,0,0,0,1,1,0,1,1,1,0,0,0,0,1,1,63,44,63,50,5,4,5,2,55,16,APROBADO,REPROBADO,APROBADO,REPROBADO,REPROBADO,SI
2213222008,A,I.C.,1,1,0,0,0,1,0,1,1,1,1,1,1,0,0,1,0,1,1,0,1,1,1,0,0,0,0,1,0,50,67,63,25,4,6,5,1,55,16,REPROBADO,APROBADO,APROBADO,REPROBADO,REPROBADO,SI
2243330001,R,I.C.,1,1,1,1,1,1,0,0,1,1,0,0,0,0,0,0,0,1,0,1,1,0,1,1,1,0,0,0,1,75,22,75,25,6,2,6,1,52,15,APROBADO,REPROBADO,APROBADO,REPROBADO,REPROBADO,SI
2243330031,R,I.C.,0,1,1,0,0,0,1,1,0,0,0,0,1,1,1,0,0,0,0,1,1,1,1,0,1,1,1,1,0,50,33,63,75,4,3,5,3,52,15,REPROBADO,REPROBADO,APROBADO,APROBADO,REPROBADO,SI
2243330395,H,I.S.C.,1,1,0,1,0,1,1,0,1,0,0,1,0,0,1,0,0,1,1,0,1,1,1,1,1,0,0,0,0,63,33,88,0,5,3,7,0,52,15,APROBADO,REPROBADO,APROBADO,REPROBADO,REPROBADO,SI
2243330318,H,I.S.C.,1,0,0,0,0,1,0,1,1,0,1,1,0,0,0,0,0,1,1,1,1,1,1,1,1,0,0,1,0,38,33,100,25,3,3,8,1,52,15,REPROBADO,REPROBADO,APROBADO,REPROBADO,REPROBADO,SI
2213217001,C,I.I.S.,1,0,1,0,1,0,1,1,1,1,1,0,1,0,0,0,0,1,0,1,1,1,1,0,1,0,0,0,0,63,44,75,0,5,4,6,0,52,15,APROBADO,REPROBADO,APROBADO,REPROBADO,REPROBADO,SI
2243330128,C,I.I.S.,1,1,1,0,1,1,1,0,1,1,0,1,0,0,0,0,0,1,1,1,0,0,0,0,1,0,0,1,1,75,33,50,50,6,3,4,2,52,15,APROBADO,REPROBADO,REPROBADO,REPROBADO,REPROBADO,SI
2243330172,C,I.I.S.,1,0,0,0,1,1,1,1,1,1,1,1,1,0,0,0,0,0,1,1,0,1,1,1,0,0,0,0,0,63,56,63,0,5,5,5,0,52,15,APROBADO,REPROBADO,APROBADO,REPROBADO,REPROBADO,SI
2243330138,D,I.I.S.,1,1,0,0,1,1,1,1,1,0,0,0,1,0,0,0,0,1,1,1,0,1,1,1,1,0,0,0,0,75,22,88,0,6,2,7,0,52,15,APROBADO,REPROBADO,APROBADO,REPROBADO,REPROBADO,SI
2243330231,D,I.I.S.,1,1,0,1,1,1,0,1,1,0,0,1,1,0,0,0,0,1,1,0,1,1,1,1,0,0,0,0,0,75,33,75,0,6,3,6,0,52,15,APROBADO,REPROBADO,APROBADO,REPROBADO,REPROBADO,SI
2243330140,D,I.I.S.,1,0,0,0,1,1,0,0,0,1,0,0,1,0,0,0,0,1,1,1,0,1,1,1,1,1,1,1,0,38,22,88,75,3,2,7,3,52,15,REPROBADO,REPROBADO,APROBADO,APROBADO,REPROBADO,SI
2243330294,Q,I.N.,1,0,0,0,0,0,1,1,1,1,0,1,1,0,1,0,0,0,0,0,0,1,1,1,0,1,1,1,1,38,56,38,100,3,5,3,4,52,15,REPROBADO,REPROBADO,REPROBADO,APROBADO,REPROBADO,SI
2243330363,G,I.S.C. ,1,1,0,0,1,0,0,0,0,0,0,1,1,0,0,1,0,1,0,1,1,1,1,1,0,1,1,1,0,38,33,75,75,3,3,6,3,52,15,REPROBADO,REPROBADO,APROBADO,APROBADO,REPROBADO,SI
2243330015,R,I.C.,1,1,0,1,1,1,0,1,1,1,0,1,0,0,0,0,0,0,0,0,1,1,1,1,1,0,0,0,0,75,33,63,0,6,3,5,0,48,14,APROBADO,REPROBADO,APROBADO,REPROBADO,REPROBADO,SI
2243330016,R,I.C.,1,1,1,0,1,1,0,0,0,1,0,0,0,0,0,0,0,0,1,1,1,0,1,1,1,1,1,0,0,63,11,75,50,5,1,6,2,48,14,APROBADO,REPROBADO,APROBADO,REPROBADO,REPROBADO,SI
2243330026,R,I.C.,1,1,1,0,0,1,0,1,0,1,0,0,1,0,0,0,0,1,1,1,1,1,1,0,0,1,0,0,0,63,22,75,25,5,2,6,1,48,14,APROBADO,REPROBADO,APROBADO,REPROBADO,REPROBADO,SI
2243330061,R,I.C.,1,1,1,0,1,0,1,0,1,1,0,1,0,0,0,0,0,1,0,1,1,0,0,0,0,1,1,0,1,63,33,38,75,5,3,3,3,48,14,APROBADO,REPROBADO,REPROBADO,APROBADO,REPROBADO,SI
2243330068,R,I.C.,1,1,0,0,0,0,1,0,0,1,0,0,1,0,0,0,0,1,1,1,1,1,1,1,1,0,0,0,1,38,22,100,25,3,2,8,1,48,14,REPROBADO,REPROBADO,APROBADO,REPROBADO,REPROBADO,SI
2243330096,R,I.C.,0,0,1,1,0,0,0,1,1,1,0,1,0,0,0,1,0,1,0,1,0,1,1,0,0,1,1,1,0,38,44,50,75,3,4,4,3,48,14,REPROBADO,REPROBADO,REPROBADO,APROBADO,REPROBADO,SI
2243330104,R,I.C.,1,0,1,0,1,0,0,0,1,0,1,1,0,1,1,1,0,1,1,0,1,0,0,0,0,1,0,1,0,38,67,38,50,3,6,3,2,48,14,REPROBADO,APROBADO,REPROBADO,REPROBADO,REPROBADO,SI
2243330107,R,I.C.,1,1,1,0,1,1,0,1,0,1,0,0,1,0,0,0,0,0,1,1,0,1,1,0,1,0,0,1,0,75,22,63,25,6,2,5,1,48,14,APROBADO,REPROBADO,APROBADO,REPROBADO,REPROBADO,SI
2243330121,S,I.C.,1,1,1,1,1,1,1,0,1,0,0,1,0,0,0,0,0,0,1,1,0,1,1,1,0,0,0,0,0,88,22,63,0,7,2,5,0,48,14,APROBADO,REPROBADO,APROBADO,REPROBADO,REPROBADO,SI
2213223014,S,I.C.,0,1,1,1,0,0,1,1,0,1,0,1,0,1,1,0,0,0,0,1,1,0,0,1,1,1,0,0,0,63,44,50,25,5,4,4,1,48,14,APROBADO,REPROBADO,REPROBADO,REPROBADO,REPROBADO,SI
2243330116,S,I.C.,1,1,1,0,1,1,1,0,1,1,0,0,1,0,0,0,0,1,1,1,0,1,1,0,0,0,0,0,0,75,33,63,0,6,3,5,0,48,14,APROBADO,REPROBADO,APROBADO,REPROBADO,REPROBADO,SI
2243330114,S,I.C.,1,1,0,1,0,0,1,1,0,1,0,1,1,0,0,0,0,1,1,1,0,1,1,1,0,0,0,0,0,63,33,75,0,5,3,6,0,48,14,APROBADO,REPROBADO,APROBADO,REPROBADO,REPROBADO,SI
2243330252,T,I.N.,1,0,1,0,0,1,0,0,1,1,0,1,0,0,0,1,0,1,0,0,1,1,1,1,1,1,0,0,0,38,44,75,25,3,4,6,1,48,14,REPROBADO,REPROBADO,APROBADO,REPROBADO,REPROBADO,SI
2233320432,H,I.S.C.,1,1,1,0,1,1,0,1,1,1,1,1,0,0,0,1,0,1,0,1,0,1,0,0,0,0,0,0,0,75,56,38,0,6,5,3,0,48,14,APROBADO,REPROBADO,REPROBADO,REPROBADO,REPROBADO,SI
2243330241,C,I.I.S.,1,0,1,1,0,0,1,1,1,1,0,0,0,0,0,0,0,0,0,0,1,1,1,1,1,0,1,1,0,63,22,63,50,5,2,5,2,48,14,APROBADO,REPROBADO,APROBADO,REPROBADO,REPROBADO,SI
2213267023,C,I.I.S.,1,0,0,1,1,1,1,1,1,0,0,0,0,0,0,0,0,1,1,0,0,1,1,0,0,1,1,1,0,75,11,50,75,6,1,4,3,48,14,APROBADO,REPROBADO,REPROBADO,APROBADO,REPROBADO,SI
2243330192,C,I.I.S.,1,1,1,0,1,1,0,1,1,1,1,0,1,0,0,1,0,1,0,0,0,1,1,0,0,0,0,0,0,75,56,38,0,6,5,3,0,48,14,APROBADO,REPROBADO,REPROBADO,REPROBADO,REPROBADO,SI
2243330048,S,I.C.,0,1,1,1,0,1,0,1,0,1,0,0,0,0,0,0,0,1,1,1,0,1,1,1,0,1,1,0,0,63,11,75,50,5,1,6,2,48,14,APROBADO,REPROBADO,APROBADO,REPROBADO,REPROBADO,SI
2243330373,J,I.S.C.,1,0,0,1,1,1,0,1,1,1,0,1,0,0,0,0,0,0,0,0,0,1,1,1,1,1,1,0,0,63,33,50,50,5,3,4,2,48,14,APROBADO,REPROBADO,REPROBADO,REPROBADO,REPROBADO,SI
2243330321,I,I.S.C.,1,0,1,0,0,1,0,0,0,0,0,1,1,0,0,0,0,0,1,0,1,1,1,1,1,1,0,1,1,38,22,75,75,3,2,6,3,48,14,REPROBADO,REPROBADO,APROBADO,APROBADO,REPROBADO,SI
2243335012,Q,I.N.,0,1,1,0,1,1,0,0,0,1,0,0,1,1,1,1,1,1,0,1,0,0,0,0,0,1,1,0,0,50,67,25,50,4,6,2,2,48,14,REPROBADO,APROBADO,REPROBADO,REPROBADO,REPROBADO,SI
2183390202,Q,I.N.,0,0,0,1,0,0,0,0,1,1,0,0,1,0,1,0,1,1,1,1,0,1,1,1,0,0,0,1,1,13,56,75,50,1,5,6,2,48,14,REPROBADO,REPROBADO,APROBADO,REPROBADO,REPROBADO,SI
2243330268,Q,I.N.,1,1,0,0,1,1,0,1,1,1,0,1,1,0,0,0,0,1,0,1,0,1,1,1,0,0,0,0,0,63,44,63,0,5,4,5,0,48,14,APROBADO,REPROBADO,APROBADO,REPROBADO,REPROBADO,SI
2243335003,F,I.I.S.,1,0,0,0,1,1,0,1,1,1,0,1,1,0,0,0,0,1,0,0,1,1,1,1,1,0,0,0,0,50,44,75,0,4,4,6,0,48,14,REPROBADO,REPROBADO,APROBADO,REPROBADO,REPROBADO,SI
2243330147,E,I.I.S.,1,0,1,0,1,0,0,0,1,1,1,1,1,0,0,0,1,1,0,0,0,1,1,1,0,1,0,0,0,38,67,50,25,3,6,4,1,48,14,REPROBADO,APROBADO,REPROBADO,REPROBADO,REPROBADO,SI
2243335010,F,I.I.S.,1,1,1,0,0,0,1,1,1,1,0,0,0,0,0,0,0,0,1,0,0,1,1,1,0,1,1,1,0,63,22,50,75,5,2,4,3,48,14,APROBADO,REPROBADO,REPROBADO,APROBADO,REPROBADO,SI
2243330272,T,I.N.,1,1,0,1,1,1,0,1,1,0,0,1,0,0,0,0,0,1,0,0,0,1,1,1,1,0,0,0,0,75,22,63,0,6,2,5,0,45,13,APROBADO,REPROBADO,APROBADO,REPROBADO,REPROBADO,SI
2213226014,C,I.I.S.,1,0,0,1,1,0,1,1,0,1,1,1,0,0,0,0,0,1,0,0,0,1,0,0,0,1,1,1,0,63,33,25,75,5,3,2,3,45,13,APROBADO,REPROBADO,REPROBADO,APROBADO,REPROBADO,SI
2243330139,C,I.I.S.,1,1,0,0,0,1,1,1,1,1,0,0,1,0,0,0,0,0,0,0,0,1,1,1,1,1,0,0,0,63,33,50,25,5,3,4,1,45,13,APROBADO,REPROBADO,REPROBADO,REPROBADO,REPROBADO,SI
2243330230,C,I.I.S.,1,1,1,1,1,1,1,1,1,0,0,0,0,0,0,0,0,0,0,0,0,1,1,1,1,0,0,0,0,100,11,50,0,8,1,4,0,45,13,APROBADO,REPROBADO,REPROBADO,REPROBADO,REPROBADO,SI
2243330242,C,I.I.S.,1,0,1,0,1,1,0,0,0,0,0,0,0,0,0,0,0,0,1,1,0,1,1,1,1,1,1,0,1,50,0,75,75,4,0,6,3,45,13,REPROBADO,REPROBADO,APROBADO,APROBADO,REPROBADO,SI
2243330165,C,I.I.S.,1,1,0,0,0,0,0,1,1,0,0,0,0,0,0,0,0,1,1,1,1,1,1,0,0,1,1,1,0,38,11,75,75,3,1,6,3,45,13,REPROBADO,REPROBADO,APROBADO,APROBADO,REPROBADO,SI
2243330206,C,I.I.S.,1,1,1,1,0,1,0,1,1,1,0,0,1,0,0,0,0,0,1,0,1,1,1,0,0,0,0,0,0,75,33,50,0,6,3,4,0,45,13,APROBADO,REPROBADO,REPROBADO,REPROBADO,REPROBADO,SI
2243330237,D,I.I.S.,0,0,0,0,1,0,1,1,0,0,0,1,0,0,0,1,0,1,0,1,0,1,1,1,0,1,1,0,1,38,22,63,75,3,2,5,3,45,13,REPROBADO,REPROBADO,APROBADO,APROBADO,REPROBADO,SI
2213267110,D,I.I.S.,1,1,1,0,0,1,0,0,1,1,0,1,1,0,0,0,0,0,1,0,0,1,1,0,0,1,0,0,1,50,44,38,50,4,4,3,2,45,13,REPROBADO,REPROBADO,REPROBADO,REPROBADO,REPROBADO,SI
2243330286,Q,I.N.,1,1,0,1,0,1,0,0,0,1,0,0,1,0,0,0,0,1,1,1,1,1,1,1,0,0,0,0,0,50,22,88,0,4,2,7,0,45,13,REPROBADO,REPROBADO,APROBADO,REPROBADO,REPROBADO,SI
2243330028,A,I.C.,0,1,0,0,0,1,0,1,1,0,0,1,1,0,0,0,0,1,0,1,1,1,1,0,0,0,0,1,1,38,33,63,50,3,3,5,2,45,13,REPROBADO,REPROBADO,APROBADO,REPROBADO,REPROBADO,SI
2243330037,A,I.C.,1,0,1,0,1,1,0,1,1,1,0,1,0,0,0,0,0,1,0,1,1,1,1,0,0,0,0,0,0,63,33,63,0,5,3,5,0,45,13,APROBADO,REPROBADO,APROBADO,REPROBADO,REPROBADO,SI
2243330304,G,I.S.C. ,1,1,1,0,0,1,1,0,1,1,0,1,1,1,0,1,0,0,1,1,0,0,0,0,0,0,0,0,0,63,67,25,0,5,6,2,0,45,13,APROBADO,APROBADO,REPROBADO,REPROBADO,REPROBADO,SI
2243330364,G,I.S.C. ,1,0,1,1,0,1,0,0,1,0,0,1,1,0,0,0,0,1,0,1,1,0,0,1,1,0,0,1,0,50,33,63,25,4,3,5,1,45,13,REPROBADO,REPROBADO,APROBADO,REPROBADO,REPROBADO,SI
2243330164,E,I.I.S.,1,0,1,0,0,1,0,0,1,1,1,0,1,1,0,0,0,1,0,1,0,1,1,1,0,0,0,0,0,38,56,63,0,3,5,5,0,45,13,REPROBADO,REPROBADO,APROBADO,REPROBADO,REPROBADO,SI
2243330235,E,I.I.S.,1,1,0,1,1,1,0,0,0,0,0,1,0,0,0,0,0,1,1,1,0,0,0,1,0,1,1,1,0,63,11,50,75,5,1,4,3,45,13,APROBADO,REPROBADO,REPROBADO,APROBADO,REPROBADO,SI
2243330005,R,I.C.,1,0,1,0,1,1,1,1,1,0,0,0,0,0,0,0,0,0,1,0,1,1,1,0,0,0,0,1,0,75,11,50,25,6,1,4,1,41,12,APROBADO,REPROBADO,REPROBADO,REPROBADO,REPROBADO,SI
2243330011,R,I.C.,1,1,0,1,0,0,0,0,0,0,0,0,0,0,1,1,0,0,1,0,0,1,1,1,1,1,0,0,1,38,22,63,50,3,2,5,2,41,12,REPROBADO,REPROBADO,APROBADO,REPROBADO,REPROBADO,SI
2243330021,R,I.C.,1,1,1,0,0,0,0,1,1,0,0,0,0,1,1,0,0,1,1,0,0,1,1,0,0,0,1,0,0,50,33,50,25,4,3,4,1,41,12,REPROBADO,REPROBADO,REPROBADO,REPROBADO,REPROBADO,SI
2243330038,R,I.C.,1,1,0,0,1,1,0,1,0,0,0,0,0,0,0,0,0,0,1,1,0,1,1,1,1,0,0,0,1,63,0,75,25,5,0,6,1,41,12,APROBADO,REPROBADO,APROBADO,REPROBADO,REPROBADO,SI
2243330106,B,I.C.,1,0,1,0,1,1,1,1,1,1,0,0,0,0,0,0,0,0,1,1,1,0,0,0,0,0,0,0,1,75,22,38,25,6,2,3,1,41,12,APROBADO,REPROBADO,REPROBADO,REPROBADO,REPROBADO,SI
2243330086,S,I.C.,1,0,0,0,1,1,0,1,0,0,0,0,0,0,0,0,0,0,1,1,0,1,1,1,1,1,1,0,0,50,0,75,50,4,0,6,2,41,12,REPROBADO,REPROBADO,APROBADO,REPROBADO,REPROBADO,SI
2243330177,C,I.I.S.,1,1,1,1,0,0,1,1,1,1,0,0,0,0,0,0,0,0,0,0,0,1,1,1,1,0,0,0,0,75,22,50,0,6,2,4,0,41,12,APROBADO,REPROBADO,REPROBADO,REPROBADO,REPROBADO,SI
2213217031,C,I.I.S.,1,0,1,0,0,1,1,0,0,0,0,0,1,0,0,0,0,1,0,1,1,1,1,0,1,0,0,1,0,50,11,75,25,4,1,6,1,41,12,REPROBADO,REPROBADO,APROBADO,REPROBADO,REPROBADO,SI
2243330185,C,I.I.S.,1,0,1,0,0,0,0,1,1,1,1,0,0,0,0,0,0,0,0,0,1,1,1,0,0,1,1,1,0,38,33,38,75,3,3,3,3,41,12,REPROBADO,REPROBADO,REPROBADO,APROBADO,REPROBADO,SI
2243330378,J,I.S.C.,1,0,1,1,0,1,0,1,0,0,0,1,0,0,0,0,0,1,1,1,0,0,0,0,0,1,1,1,0,63,11,38,75,5,1,3,3,41,12,APROBADO,REPROBADO,REPROBADO,APROBADO,REPROBADO,SI
2243330392,J,I.S.C.,1,0,1,1,1,1,1,1,0,0,0,0,0,0,0,0,0,1,1,1,1,0,0,0,0,1,0,0,0,88,0,50,25,7,0,4,1,41,12,APROBADO,REPROBADO,REPROBADO,REPROBADO,REPROBADO,SI
2243330327,J,I.S.C.,1,1,1,0,0,0,1,1,0,1,1,1,1,1,0,1,0,0,0,0,0,0,0,0,0,1,0,0,0,63,67,0,25,5,6,0,1,41,12,APROBADO,APROBADO,REPROBADO,REPROBADO,REPROBADO,SI
2243330342,J,I.S.C.,1,1,0,0,0,1,1,0,0,1,1,1,0,0,0,0,0,0,0,1,0,1,1,1,0,0,0,0,1,50,33,50,25,4,3,4,1,41,12,REPROBADO,REPROBADO,REPROBADO,REPROBADO,REPROBADO,SI
2183370020,I,I.S.C.,1,0,0,1,1,1,1,1,1,0,0,0,0,0,0,0,0,1,1,1,1,0,0,0,0,1,0,0,0,75,11,50,25,6,1,4,1,41,12,APROBADO,REPROBADO,REPROBADO,REPROBADO,REPROBADO,SI
2243330338,I,I.S.C.,1,1,0,0,0,0,0,1,0,1,0,1,0,0,0,0,0,1,0,0,1,1,1,1,1,0,0,1,0,38,22,75,25,3,2,6,1,41,12,REPROBADO,REPROBADO,APROBADO,REPROBADO,REPROBADO,SI
2243330357,I,I.S.C.,0,0,1,0,0,1,1,1,0,0,0,1,1,0,0,0,0,1,1,1,1,1,0,1,0,0,0,0,0,50,22,75,0,4,2,6,0,41,12,REPROBADO,REPROBADO,APROBADO,REPROBADO,REPROBADO,SI
2243330057,A,I.C.,1,1,0,1,0,1,0,1,1,0,0,0,0,0,0,0,0,1,1,0,1,1,1,0,0,0,0,1,0,63,11,63,25,5,1,5,1,41,12,APROBADO,REPROBADO,APROBADO,REPROBADO,REPROBADO,SI
2243330069,A,I.C.,1,1,0,1,1,1,0,1,0,1,0,0,0,0,0,0,0,0,1,1,1,1,0,0,0,0,0,0,1,75,11,50,25,6,1,4,1,41,12,APROBADO,REPROBADO,REPROBADO,REPROBADO,REPROBADO,SI
2222390064,G,I.S.C. ,1,1,1,0,0,1,0,0,1,0,1,0,0,0,0,0,0,1,1,1,0,1,1,0,1,0,0,0,0,50,22,75,0,4,2,6,0,41,12,REPROBADO,REPROBADO,APROBADO,REPROBADO,REPROBADO,SI
2243330369,G,I.S.C. ,1,1,0,0,0,1,0,0,0,1,0,0,0,0,0,0,0,1,1,1,1,1,1,0,1,1,0,0,0,38,11,88,25,3,1,7,1,41,12,REPROBADO,REPROBADO,APROBADO,REPROBADO,REPROBADO,SI
2243330244,F,I.I.S.,1,0,1,1,1,1,0,0,1,1,0,1,0,0,0,0,0,0,0,1,0,0,0,0,0,1,1,0,1,63,33,13,75,5,3,1,3,41,12,APROBADO,REPROBADO,REPROBADO,APROBADO,REPROBADO,SI
2243330224,F,I.I.S.,1,0,0,0,1,0,0,1,1,0,0,1,1,0,0,0,0,0,0,0,0,1,1,1,1,0,0,1,1,38,33,50,50,3,3,4,2,41,12,REPROBADO,REPROBADO,REPROBADO,REPROBADO,REPROBADO,SI
2243330174,E,I.I.S.,1,0,1,0,1,1,1,0,1,1,1,1,0,0,0,0,0,0,1,1,1,0,0,0,0,0,0,0,0,63,44,38,0,5,4,3,0,41,12,APROBADO,REPROBADO,REPROBADO,REPROBADO,REPROBADO,SI
2243330052,R,I.C.,0,0,1,0,1,1,0,0,0,1,1,0,1,0,0,0,0,0,1,1,0,1,1,0,0,0,0,1,0,38,33,50,25,3,3,4,1,38,11,REPROBADO,REPROBADO,REPROBADO,REPROBADO,REPROBADO,SI
2243330099,B,I.C.,1,1,0,0,0,0,0,0,0,0,0,1,0,0,0,1,0,1,0,0,1,1,1,1,1,0,0,0,1,25,22,75,25,2,2,6,1,38,11,REPROBADO,REPROBADO,APROBADO,REPROBADO,REPROBADO,SI
2243330034,B,I.C.,1,0,0,0,0,0,0,1,1,0,0,1,1,0,0,0,0,0,0,1,1,1,0,0,0,1,1,1,0,25,33,38,75,2,3,3,3,38,11,REPROBADO,REPROBADO,REPROBADO,APROBADO,REPROBADO,SI
2243330078,B,I.C.,0,1,0,1,0,1,0,0,0,0,0,1,1,0,0,0,0,0,0,1,1,1,1,1,0,0,0,0,1,38,22,63,25,3,2,5,1,38,11,REPROBADO,REPROBADO,APROBADO,REPROBADO,REPROBADO,SI
2243330003,S,I.C.,1,1,0,0,0,0,0,1,0,0,0,0,1,0,0,0,0,1,1,1,1,1,1,0,0,0,0,0,1,38,11,75,25,3,1,6,1,38,11,REPROBADO,REPROBADO,APROBADO,REPROBADO,REPROBADO,SI
2243330054,S,I.C.,1,0,1,1,1,0,0,1,0,1,1,0,0,0,0,0,0,1,0,0,0,1,1,1,0,0,0,0,0,63,22,50,0,5,2,4,0,38,11,APROBADO,REPROBADO,REPROBADO,REPROBADO,REPROBADO,SI
2243335009,S,I.C.,0,1,0,0,0,1,0,1,0,0,0,0,0,0,0,0,0,1,1,0,0,1,1,1,1,1,1,0,0,38,0,75,50,3,0,6,2,38,11,REPROBADO,REPROBADO,APROBADO,REPROBADO,REPROBADO,SI
2243330020,S,I.C.,1,1,0,1,0,1,1,0,0,0,0,0,0,0,0,0,0,0,0,0,0,1,1,1,1,0,0,1,1,63,0,50,50,5,0,4,2,38,11,APROBADO,REPROBADO,REPROBADO,REPROBADO,REPROBADO,SI
2243330382,H ,I.S.C.,1,0,0,0,1,0,0,1,0,1,0,1,0,0,0,0,0,1,1,1,0,0,0,0,0,1,1,1,0,38,22,38,75,3,2,3,3,38,11,REPROBADO,REPROBADO,REPROBADO,APROBADO,REPROBADO,SI
2243330303,H,I.S.C.,1,1,1,1,0,1,0,1,1,0,0,0,1,0,0,0,0,1,1,0,1,0,0,0,0,0,0,0,0,75,22,38,0,6,2,3,0,38,11,APROBADO,REPROBADO,REPROBADO,REPROBADO,REPROBADO,SI
2243330330,H,I.S.C.,0,1,1,1,0,0,0,1,0,1,0,0,1,1,0,1,0,0,1,1,0,0,0,0,0,0,0,1,0,50,44,25,25,4,4,2,1,38,11,REPROBADO,REPROBADO,REPROBADO,REPROBADO,REPROBADO,SI
2243330190,C,I.I.S.,1,0,1,1,0,0,0,1,1,1,0,0,0,0,0,0,0,1,0,0,0,1,1,0,1,0,0,0,1,50,22,50,25,4,2,4,1,38,11,REPROBADO,REPROBADO,REPROBADO,REPROBADO,REPROBADO,SI
2213270065,C,I.I.S.,1,0,1,0,1,0,1,0,1,1,0,0,1,1,1,1,0,0,0,1,0,0,0,0,0,0,0,0,0,50,67,13,0,4,6,1,0,38,11,REPROBADO,APROBADO,REPROBADO,REPROBADO,REPROBADO,SI
2243330241,C,I.I.S.,1,0,0,1,0,0,0,1,1,0,0,0,0,0,0,0,0,1,1,0,0,1,1,1,1,0,0,0,1,38,11,75,25,3,1,6,1,38,11,REPROBADO,REPROBADO,APROBADO,REPROBADO,REPROBADO,SI
2243330212,C,I.I.S.,1,1,1,1,0,0,0,0,0,1,0,0,1,0,0,0,0,0,1,0,0,1,1,1,1,0,0,0,0,50,22,63,0,4,2,5,0,38,11,REPROBADO,REPROBADO,APROBADO,REPROBADO,REPROBADO,SI
2213216001,C,I.I.S.,1,0,0,1,1,1,0,0,0,0,0,0,0,0,0,0,0,1,0,1,1,0,0,0,1,1,1,1,0,50,0,50,75,4,0,4,3,38,11,REPROBADO,REPROBADO,REPROBADO,APROBADO,REPROBADO,SI
2243330183,C,I.I.S.,1,0,1,1,0,0,0,0,0,0,0,0,0,0,0,1,0,1,1,1,0,0,0,0,1,1,1,1,0,38,11,50,75,3,1,4,3,38,11,REPROBADO,REPROBADO,REPROBADO,APROBADO,REPROBADO,SI
2243330142,D,I.I.S.,0,0,0,1,0,1,0,1,1,1,0,0,1,0,0,0,0,1,0,1,0,1,1,0,0,0,0,1,0,38,33,50,25,3,3,4,1,38,11,REPROBADO,REPROBADO,REPROBADO,REPROBADO,REPROBADO,SI
2243330136,D,I.I.S.,0,0,0,0,0,1,1,1,1,1,0,0,0,0,0,0,0,1,0,1,0,1,1,0,0,1,1,0,0,38,22,50,50,3,2,4,2,38,11,REPROBADO,REPROBADO,REPROBADO,REPROBADO,REPROBADO,SI
2243330275,Q,I.N.,1,0,0,0,0,1,1,1,0,0,0,0,1,0,0,0,0,1,1,1,1,1,1,0,0,0,0,0,0,50,11,75,0,4,1,6,0,38,11,REPROBADO,REPROBADO,APROBADO,REPROBADO,REPROBADO,SI
2243330273,Q,I.N.,0,0,0,0,0,1,0,1,1,0,0,1,0,0,0,0,0,0,1,0,0,1,1,0,0,1,1,1,1,25,22,38,100,2,2,3,4,38,11,REPROBADO,REPROBADO,REPROBADO,APROBADO,REPROBADO,SI
2243330023,A,I.C.,1,0,1,1,1,1,1,0,0,1,0,0,0,0,0,0,0,0,1,1,1,1,0,0,0,0,0,0,0,75,11,50,0,6,1,4,0,38,11,APROBADO,REPROBADO,REPROBADO,REPROBADO,REPROBADO,SI
2243330055,A,I.C.,0,0,0,0,0,0,0,1,1,1,0,1,0,0,0,0,0,1,0,1,1,1,1,0,0,0,0,1,1,13,33,63,50,1,3,5,2,38,11,REPROBADO,REPROBADO,APROBADO,REPROBADO,REPROBADO,SI
2233336056,A,I.C.,1,1,1,0,0,1,1,0,1,1,0,1,0,0,0,0,0,0,0,0,1,1,0,0,0,0,0,1,0,63,33,25,25,5,3,2,1,38,11,APROBADO,REPROBADO,REPROBADO,REPROBADO,REPROBADO,SI
2243330084,A,I.C.,1,1,0,1,1,0,0,1,1,1,0,1,1,1,0,0,0,1,0,0,0,0,0,0,0,0,0,0,0,63,56,13,0,5,5,1,0,38,11,APROBADO,REPROBADO,REPROBADO,REPROBADO,REPROBADO,SI
2233340386,A,I.C.,1,1,0,0,1,0,0,1,0,1,0,1,1,0,0,0,0,0,0,1,1,1,0,0,0,0,0,1,0,50,33,38,25,4,3,3,1,38,11,REPROBADO,REPROBADO,REPROBADO,REPROBADO,REPROBADO,SI
2243330336,G,I.S.C. ,1,1,0,1,1,0,0,0,1,1,0,0,1,0,0,1,0,0,1,0,0,0,0,0,0,0,0,1,1,50,44,13,50,4,4,1,2,38,11,REPROBADO,REPROBADO,REPROBADO,REPROBADO,REPROBADO,SI
2243335015,F,I.I.S.,1,1,1,0,1,0,1,1,0,1,0,1,0,0,0,0,0,0,1,0,1,0,0,0,0,0,0,1,0,75,22,25,25,6,2,2,1,38,11,APROBADO,REPROBADO,REPROBADO,REPROBADO,REPROBADO,SI
2243330221,E,I.I.S.,1,1,1,0,1,1,0,0,0,0,0,1,1,0,0,0,0,1,0,0,1,0,0,0,0,0,1,1,0,63,22,25,50,5,2,2,2,38,11,APROBADO,REPROBADO,REPROBADO,REPROBADO,REPROBADO,SI
2243330203,E,I.I.S.,1,0,1,0,1,1,1,1,1,1,1,1,0,0,0,0,0,0,0,0,0,0,0,0,0,1,0,0,0,75,44,0,25,6,4,0,1,38,11,APROBADO,REPROBADO,REPROBADO,REPROBADO,REPROBADO,SI
2213270050,R,I.C.,1,1,1,1,0,1,0,1,0,1,0,0,0,0,0,0,0,1,0,0,0,0,1,1,0,0,0,0,0,75,11,38,0,6,1,3,0,34,10,APROBADO,REPROBADO,REPROBADO,REPROBADO,REPROBADO,SI
2243330046,R,I.C.,1,1,0,0,0,0,0,0,0,0,0,0,1,1,0,0,0,0,1,1,0,1,0,0,0,1,1,1,0,25,22,38,75,2,2,3,3,34,10,REPROBADO,REPROBADO,REPROBADO,APROBADO,REPROBADO,SI
2203213051,R,I.C.,1,0,0,0,1,1,0,1,0,0,0,0,0,0,0,0,0,1,0,0,0,1,1,0,1,1,1,0,0,50,0,50,50,4,0,4,2,34,10,REPROBADO,REPROBADO,REPROBADO,REPROBADO,REPROBADO,SI
2243330118,B,I.C.,0,0,0,1,0,0,0,0,0,0,1,1,0,0,0,0,0,1,1,1,0,1,1,0,0,1,1,0,0,13,22,63,50,1,2,5,2,34,10,REPROBADO,REPROBADO,APROBADO,REPROBADO,REPROBADO,SI
2243330012,B,I.C.,1,1,1,1,0,0,1,0,0,0,0,0,0,0,0,0,0,0,1,0,1,1,1,0,0,0,0,1,0,63,0,50,25,5,0,4,1,34,10,APROBADO,REPROBADO,REPROBADO,REPROBADO,REPROBADO,SI
2243330019,B,I.C.,0,1,0,0,0,0,1,1,1,0,0,0,0,0,0,0,0,1,1,0,1,1,1,0,0,1,0,0,0,38,11,63,25,3,1,5,1,34,10,REPROBADO,REPROBADO,APROBADO,REPROBADO,REPROBADO,SI
2243335002,S,I.C.,1,1,1,1,0,1,0,1,0,1,0,0,0,0,0,0,0,0,0,0,0,1,1,1,0,0,0,0,0,75,11,38,0,6,1,3,0,34,10,APROBADO,REPROBADO,REPROBADO,REPROBADO,REPROBADO,SI
2243330032,S,I.C.,1,1,1,1,0,1,0,1,0,0,0,0,0,0,0,0,0,0,0,1,1,0,0,0,0,1,0,0,1,75,0,25,50,6,0,2,2,34,10,APROBADO,REPROBADO,REPROBADO,REPROBADO,REPROBADO,SI
2243330303,H,I.S.C.,1,1,1,1,0,0,0,1,1,0,0,0,1,0,0,0,0,1,1,0,1,0,0,0,0,0,0,0,0,63,22,38,0,5,2,3,0,34,10,APROBADO,REPROBADO,REPROBADO,REPROBADO,REPROBADO,SI
2243330261,T,I.N.,0,1,0,0,1,0,0,0,1,0,0,0,1,0,0,0,0,1,1,0,1,1,1,0,1,0,0,0,0,25,22,75,0,2,2,6,0,34,10,REPROBADO,REPROBADO,APROBADO,REPROBADO,REPROBADO,SI
2243330337,H,I.S.C.,1,0,1,0,1,1,1,0,1,0,0,0,1,0,0,0,0,1,0,0,0,0,0,0,0,1,1,0,0,63,22,13,50,5,2,1,2,34,10,APROBADO,REPROBADO,REPROBADO,REPROBADO,REPROBADO,SI
2243330227,C,I.I.S.,1,1,0,1,0,1,1,0,0,0,0,1,0,0,0,0,0,0,0,1,0,1,1,1,0,0,0,0,0,63,11,50,0,5,1,4,0,34,10,APROBADO,REPROBADO,REPROBADO,REPROBADO,REPROBADO,SI
2243330168,C,I.I.S.,1,0,0,0,0,0,1,1,0,0,0,0,1,1,1,0,0,0,1,0,0,1,1,1,0,0,0,0,0,38,33,50,0,3,3,4,0,34,10,REPROBADO,REPROBADO,REPROBADO,REPROBADO,REPROBADO,SI
2243330238,C,I.I.S.,1,1,0,0,1,1,0,0,1,0,0,0,1,1,1,0,0,0,1,1,0,0,0,0,0,0,0,0,0,50,44,25,0,4,4,2,0,34,10,REPROBADO,REPROBADO,REPROBADO,REPROBADO,REPROBADO,SI
2243330197,C,I.I.S.,1,0,0,1,0,1,0,1,0,0,0,0,0,0,0,0,0,1,0,1,0,1,1,1,0,0,0,1,0,50,0,63,25,4,0,5,1,34,10,REPROBADO,REPROBADO,APROBADO,REPROBADO,REPROBADO,SI
2243330247,C,I.I.S.,1,1,1,0,0,1,1,0,0,0,0,0,0,0,0,0,0,1,1,0,0,1,1,0,0,0,0,1,0,63,0,50,25,5,0,4,1,34,10,APROBADO,REPROBADO,REPROBADO,REPROBADO,REPROBADO,SI
2243330134,D,I.I.S.,1,0,0,0,1,0,0,1,1,0,0,0,0,0,0,1,0,1,0,1,0,0,0,0,0,1,0,1,1,38,22,25,75,3,2,2,3,34,10,REPROBADO,REPROBADO,REPROBADO,APROBADO,REPROBADO,SI
2243330169,D,I.I.S.,1,0,1,0,0,0,0,0,1,0,0,0,1,0,0,1,0,1,0,0,0,1,1,0,1,0,0,1,0,25,33,50,25,2,3,4,1,34,10,REPROBADO,REPROBADO,REPROBADO,REPROBADO,REPROBADO,SI
2243330234,D,I.I.S.,1,0,1,0,1,0,0,1,0,0,0,1,1,0,0,0,0,1,0,0,0,1,1,1,0,0,0,0,0,50,22,50,0,4,2,4,0,34,10,REPROBADO,REPROBADO,REPROBADO,REPROBADO,REPROBADO,SI
2243330204,D,I.I.S.,1,0,0,1,0,1,1,0,1,0,0,0,1,0,0,0,0,1,0,0,1,1,1,0,0,0,0,0,0,50,22,50,0,4,2,4,0,34,10,REPROBADO,REPROBADO,REPROBADO,REPROBADO,REPROBADO,SI
2243335017,J,I.S.C.,1,1,1,1,1,0,0,0,0,1,0,0,1,0,0,0,0,0,0,1,0,1,0,0,0,0,0,1,0,63,22,25,25,5,2,2,1,34,10,APROBADO,REPROBADO,REPROBADO,REPROBADO,REPROBADO,SI
2243330353,J,I.S.C.,1,0,1,0,0,1,0,1,1,0,0,1,0,0,0,0,0,1,0,0,0,0,0,0,0,1,1,1,0,50,22,13,75,4,2,1,3,34,10,REPROBADO,REPROBADO,REPROBADO,APROBADO,REPROBADO,SI
2243330280,Q,I.N.,1,0,0,0,0,1,0,0,1,0,0,0,1,0,0,0,0,1,0,1,1,1,1,0,0,0,0,1,0,25,22,63,25,2,2,5,1,34,10,REPROBADO,REPROBADO,APROBADO,REPROBADO,REPROBADO,SI
2243330281,Q,I.N.,1,1,1,1,0,1,0,1,0,0,0,0,1,0,0,0,0,0,0,0,0,1,1,0,0,0,1,0,0,75,11,25,25,6,1,2,1,34,10,APROBADO,REPROBADO,REPROBADO,REPROBADO,REPROBADO,SI
2243330014,A,I.C.,1,0,0,0,0,1,0,0,1,1,0,0,1,0,0,0,0,1,1,1,0,0,0,0,0,0,1,0,1,25,33,38,50,2,3,3,2,34,10,REPROBADO,REPROBADO,REPROBADO,REPROBADO,REPROBADO,SI
No se Encontro,A,I.C.,1,1,0,1,0,0,1,0,1,0,0,0,1,1,0,0,0,0,1,0,0,1,0,0,0,0,0,1,0,50,33,25,25,4,3,2,1,34,10,REPROBADO,REPROBADO,REPROBADO,REPROBADO,REPROBADO,SI
2243330188,F,I.I.S.,1,1,1,0,1,1,1,1,0,0,0,1,0,0,0,0,0,0,1,0,0,0,0,0,0,0,0,1,0,88,11,13,25,7,1,1,1,34,10,APROBADO,REPROBADO,REPROBADO,REPROBADO,REPROBADO,SI
2243330189,F,I.I.S.,1,1,0,0,1,0,1,0,0,1,0,0,1,1,1,0,0,0,0,1,0,0,0,0,0,0,0,1,0,50,44,13,25,4,4,1,1,34,10,REPROBADO,REPROBADO,REPROBADO,REPROBADO,REPROBADO,SI
2243330092,B,I.C.,0,0,0,0,0,1,1,0,1,1,0,0,1,0,0,1,0,0,0,1,0,1,1,0,0,0,0,0,0,25,44,38,0,2,4,3,0,31,9,REPROBADO,REPROBADO,REPROBADO,REPROBADO,REPROBADO,SI
2243330102,B,I.C.,1,0,0,0,0,1,1,0,1,0,0,0,0,0,0,0,0,1,1,0,1,1,1,0,0,0,0,0,0,38,11,63,0,3,1,5,0,31,9,REPROBADO,REPROBADO,APROBADO,REPROBADO,REPROBADO,SI
2243330010,S,I.C.,1,0,0,0,1,1,0,0,0,0,0,0,0,0,0,0,0,0,1,1,0,1,1,0,1,0,1,0,0,38,0,63,25,3,0,5,1,31,9,REPROBADO,REPROBADO,APROBADO,REPROBADO,REPROBADO,SI
No se Encontro,T,I.N.,1,0,0,0,0,0,0,0,1,1,0,1,1,0,0,1,0,1,0,0,1,1,0,0,0,0,0,0,0,13,56,38,0,1,5,3,0,31,9,REPROBADO,REPROBADO,REPROBADO,REPROBADO,REPROBADO,SI
2243330389,H,I.S.C.,1,1,0,0,0,0,0,1,0,0,0,0,0,0,0,0,0,1,0,0,0,1,1,1,0,1,1,0,0,38,0,50,50,3,0,4,2,31,9,REPROBADO,REPROBADO,REPROBADO,REPROBADO,REPROBADO,SI
2233320336,C,I.I.S.,1,0,0,0,0,0,1,0,1,0,0,0,1,1,0,0,0,0,0,0,0,1,1,1,1,0,0,0,0,25,33,50,0,2,3,4,0,31,9,REPROBADO,REPROBADO,REPROBADO,REPROBADO,REPROBADO,SI
2243330155,C,I.I.S.,1,1,0,0,0,1,1,0,1,0,0,0,0,0,0,0,0,0,1,0,0,1,1,0,0,0,0,1,0,50,11,38,25,4,1,3,1,31,9,REPROBADO,REPROBADO,REPROBADO,REPROBADO,REPROBADO,SI
2243330152,D,I.I.S.,1,0,0,0,1,0,0,1,1,1,0,0,1,0,0,1,0,1,1,0,0,0,0,0,0,0,0,0,0,38,44,25,0,3,4,2,0,31,9,REPROBADO,REPROBADO,REPROBADO,REPROBADO,REPROBADO,SI
2213217045,J,I.S.C.,1,0,0,0,0,1,0,0,0,0,0,1,0,0,0,0,0,1,1,1,0,1,1,0,0,0,0,0,1,25,11,63,25,2,1,5,1,31,9,REPROBADO,REPROBADO,APROBADO,REPROBADO,REPROBADO,SI
2243330375,J,I.S.C.,0,0,1,0,0,1,0,1,0,0,0,0,1,0,0,0,0,1,1,0,0,0,0,0,0,1,1,1,0,38,11,25,75,3,1,2,3,31,9,REPROBADO,REPROBADO,REPROBADO,APROBADO,REPROBADO,SI
2243330332,J,I.S.C.,1,0,0,1,1,0,0,0,1,0,0,0,0,0,0,0,0,1,0,0,1,1,1,1,0,0,0,0,0,38,11,63,0,3,1,5,0,31,9,REPROBADO,REPROBADO,APROBADO,REPROBADO,REPROBADO,SI
2243330376,J,I.S.C.,1,0,1,0,0,0,0,1,1,0,0,0,1,0,0,0,0,0,1,0,0,1,1,0,0,0,1,0,0,38,22,38,25,3,2,3,1,31,9,REPROBADO,REPROBADO,REPROBADO,REPROBADO,REPROBADO,SI
2213213011,I,I.S.C.,0,1,1,0,0,1,0,0,1,0,1,0,0,0,0,0,0,0,1,1,0,0,0,0,0,0,0,1,1,38,22,25,50,3,2,2,2,31,9,REPROBADO,REPROBADO,REPROBADO,REPROBADO,REPROBADO,SI
2243330284,Q,I.N.,0,1,1,0,1,0,1,0,0,1,0,1,0,0,0,0,0,0,1,0,0,0,0,0,0,1,1,0,0,50,22,13,50,4,2,1,2,31,9,REPROBADO,REPROBADO,REPROBADO,REPROBADO,REPROBADO,SI
2243330080,A,I.C.,1,1,0,0,0,1,0,1,1,1,0,1,0,0,0,0,0,1,0,1,0,0,0,0,0,0,0,0,0,50,33,25,0,4,3,2,0,31,9,REPROBADO,REPROBADO,REPROBADO,REPROBADO,REPROBADO,SI
2243330083,A,I.C.,1,1,0,0,0,0,0,1,0,1,0,0,1,0,0,0,0,1,0,0,1,1,1,0,0,0,0,0,0,38,22,50,0,3,2,4,0,31,9,REPROBADO,REPROBADO,REPROBADO,REPROBADO,REPROBADO,SI
2243330326,G,I.S.C. ,1,1,1,1,1,0,1,0,0,0,0,0,1,0,0,0,0,0,1,0,0,0,0,0,0,0,0,1,0,75,11,13,25,6,1,1,1,31,9,APROBADO,REPROBADO,REPROBADO,REPROBADO,REPROBADO,SI
2243330335,G,I.S.C. ,1,0,0,1,0,1,0,0,0,1,0,0,0,0,0,0,0,1,0,1,0,0,0,1,0,0,1,1,0,38,11,38,50,3,1,3,2,31,9,REPROBADO,REPROBADO,REPROBADO,REPROBADO,REPROBADO,SI
2243330387,G,I.S.C. ,1,0,0,0,1,1,0,1,0,0,0,0,0,0,0,0,0,0,0,1,0,1,1,1,1,0,0,0,0,50,0,63,0,4,0,5,0,31,9,REPROBADO,REPROBADO,APROBADO,REPROBADO,REPROBADO,SI
2243330146,E,I.I.S.,1,1,1,0,1,1,1,1,0,0,0,0,0,0,0,0,0,1,0,0,0,0,1,0,0,0,0,0,0,88,0,25,0,7,0,2,0,31,9,APROBADO,REPROBADO,REPROBADO,REPROBADO,REPROBADO,SI
2243330110,R,I.C.,1,1,0,0,0,0,1,0,0,0,0,0,0,0,0,0,0,0,0,0,1,1,1,1,1,0,0,0,0,38,0,63,0,3,0,5,0,28,8,REPROBADO,REPROBADO,APROBADO,REPROBADO,REPROBADO,SI
2243330122,R,I.C.,1,1,1,1,0,0,0,0,0,1,0,0,1,0,0,0,0,1,0,1,0,0,0,0,0,0,0,0,0,50,22,25,0,4,2,2,0,28,8,REPROBADO,REPROBADO,REPROBADO,REPROBADO,REPROBADO,SI
2243330025,B,I.C.,1,0,0,0,0,1,0,1,1,1,0,1,0,0,0,0,0,0,0,0,0,0,1,0,0,0,0,0,1,38,33,13,25,3,3,1,1,28,8,REPROBADO,REPROBADO,REPROBADO,REPROBADO,REPROBADO,SI
2243330073,B,I.C.,0,0,0,0,0,1,1,1,0,0,0,1,0,0,0,0,0,1,0,0,0,0,0,1,1,0,0,1,0,38,11,38,25,3,1,3,1,28,8,REPROBADO,REPROBADO,REPROBADO,REPROBADO,REPROBADO,SI
2213262013,S,I.C.,1,0,0,0,1,0,1,1,0,0,0,0,1,0,0,0,0,0,0,1,0,0,0,0,0,0,0,1,1,50,11,13,50,4,1,1,2,28,8,REPROBADO,REPROBADO,REPROBADO,REPROBADO,REPROBADO,SI
2243330044,S,I.C.,1,0,0,0,1,1,0,1,0,0,0,0,0,0,0,0,0,1,1,1,0,0,0,0,0,0,1,0,0,50,0,38,25,4,0,3,1,28,8,REPROBADO,REPROBADO,REPROBADO,REPROBADO,REPROBADO,SI
2191390617,T,I.N.,1,1,0,0,0,0,0,1,0,0,0,0,0,0,0,0,0,1,0,0,0,1,1,0,0,1,1,0,0,38,0,38,50,3,0,3,2,28,8,REPROBADO,REPROBADO,REPROBADO,REPROBADO,REPROBADO,SI
2233336155,T,I.N.,1,0,1,0,0,0,0,0,1,1,0,1,0,0,0,0,0,1,0,1,1,0,0,0,0,0,0,0,0,25,33,38,0,2,3,3,0,28,8,REPROBADO,REPROBADO,REPROBADO,REPROBADO,REPROBADO,SI
2243330352,H,I.S.C.,0,0,0,1,0,0,0,0,1,1,0,0,0,0,0,0,0,0,0,1,0,0,0,0,0,1,1,1,1,13,22,13,100,1,2,1,4,28,8,REPROBADO,REPROBADO,REPROBADO,APROBADO,REPROBADO,SI
2243330181,C,I.I.S.,1,0,0,0,0,0,1,1,0,1,0,1,0,0,0,0,0,0,1,0,0,0,0,0,0,0,1,1,0,38,22,13,50,3,2,1,2,28,8,REPROBADO,REPROBADO,REPROBADO,REPROBADO,REPROBADO,SI
2243330246,C,I.I.S.,1,1,0,0,1,1,1,0,0,0,0,0,0,0,0,0,0,0,0,0,0,1,1,0,0,0,0,0,1,63,0,25,25,5,0,2,1,28,8,APROBADO,REPROBADO,REPROBADO,REPROBADO,REPROBADO,SI
2243330154,C,I.I.S.,1,0,0,1,0,1,0,1,0,1,0,0,0,0,0,0,0,0,0,1,0,1,0,0,0,0,0,0,1,50,11,25,25,4,1,2,1,28,8,REPROBADO,REPROBADO,REPROBADO,REPROBADO,REPROBADO,SI
2243330243,D,I.I.S.,1,0,0,0,1,0,0,1,1,1,0,0,0,0,0,0,0,1,0,0,0,0,0,0,0,1,0,0,1,38,22,13,50,3,2,1,2,28,8,REPROBADO,REPROBADO,REPROBADO,REPROBADO,REPROBADO,SI
2243330229,D,I.I.S.,1,0,0,0,0,0,0,1,1,0,0,0,0,0,0,0,0,1,0,0,1,0,1,0,0,1,1,0,0,25,11,38,50,2,1,3,2,28,8,REPROBADO,REPROBADO,REPROBADO,REPROBADO,REPROBADO,SI
2243330159,D,I.I.S.,1,1,0,1,0,1,0,0,0,0,1,1,0,0,0,0,0,0,1,0,0,0,1,0,0,0,0,0,0,50,22,25,0,4,2,2,0,28,8,REPROBADO,REPROBADO,REPROBADO,REPROBADO,REPROBADO,SI
2243330328,J,I.S.C.,1,0,0,0,0,1,0,0,1,1,0,0,0,0,0,0,0,1,1,1,1,0,0,0,0,0,0,0,0,25,22,50,0,2,2,4,0,28,8,REPROBADO,REPROBADO,REPROBADO,REPROBADO,REPROBADO,SI
2243335018,J,I.S.C.,1,1,1,0,1,0,0,1,0,0,0,0,0,0,0,0,0,0,0,0,0,0,0,0,0,1,0,1,1,63,0,0,75,5,0,0,3,28,8,APROBADO,REPROBADO,REPROBADO,APROBADO,REPROBADO,SI
2243330355,I,I.S.C.,1,0,0,0,1,1,1,1,0,0,0,0,1,0,0,0,0,0,1,0,0,0,0,0,0,0,1,0,0,63,11,13,25,5,1,1,1,28,8,APROBADO,REPROBADO,REPROBADO,REPROBADO,REPROBADO,SI
2243330379,I,I.S.C.,1,0,1,1,0,1,0,1,1,0,0,0,0,0,0,0,0,0,0,0,0,1,1,0,0,0,0,0,0,63,11,25,0,5,1,2,0,28,8,APROBADO,REPROBADO,REPROBADO,REPROBADO,REPROBADO,SI
2243330236,Q,I.N.,0,0,1,0,1,0,0,1,0,0,0,0,0,0,0,0,0,0,0,0,1,0,0,0,0,1,1,1,1,38,0,13,100,3,0,1,4,28,8,REPROBADO,REPROBADO,REPROBADO,APROBADO,REPROBADO,SI
2243330141,Q,I.N.,1,0,0,1,1,1,0,1,0,1,0,0,0,0,0,0,0,1,0,1,0,0,0,0,0,0,0,0,0,63,11,25,0,5,1,2,0,28,8,APROBADO,REPROBADO,REPROBADO,REPROBADO,REPROBADO,SI
2243330182,Q,I.N.,1,0,0,0,0,1,0,1,0,1,1,0,0,0,0,0,0,1,0,0,1,0,0,0,0,0,1,0,0,38,22,25,25,3,2,2,1,28,8,REPROBADO,REPROBADO,REPROBADO,REPROBADO,REPROBADO,SI
2213213002,A,I.C.,1,0,0,0,0,1,0,1,0,0,0,1,0,0,0,0,0,1,0,0,1,1,0,0,0,0,0,1,0,38,11,38,25,3,1,3,1,28,8,REPROBADO,REPROBADO,REPROBADO,REPROBADO,REPROBADO,SI
2243330007,A,I.C.,1,0,0,0,0,1,0,1,0,0,0,0,0,0,0,1,0,1,0,0,1,1,1,0,0,0,0,0,0,38,11,50,0,3,1,4,0,28,8,REPROBADO,REPROBADO,REPROBADO,REPROBADO,REPROBADO,SI
2243330050,A,I.C.,0,1,0,1,0,1,0,1,1,0,0,0,0,0,0,0,0,1,0,0,1,1,0,0,0,0,0,0,0,50,11,38,0,4,1,3,0,28,8,REPROBADO,REPROBADO,REPROBADO,REPROBADO,REPROBADO,SI
2243330058,A,I.C.,1,0,0,0,0,1,1,1,1,1,0,1,0,0,0,0,0,0,0,0,0,0,0,0,0,0,0,1,0,50,33,0,25,4,3,0,1,28,8,REPROBADO,REPROBADO,REPROBADO,REPROBADO,REPROBADO,SI
2243330119,A,I.C.,1,0,0,0,0,1,0,1,1,1,0,0,1,0,0,0,0,1,1,0,0,0,0,0,0,0,0,0,0,38,33,25,0,3,3,2,0,28,8,REPROBADO,REPROBADO,REPROBADO,REPROBADO,REPROBADO,SI
2243330391,G,I.S.C. ,1,0,0,0,1,0,1,1,0,1,1,0,0,0,0,0,0,1,0,0,0,0,0,0,0,1,0,0,0,50,22,13,25,4,2,1,1,28,8,REPROBADO,REPROBADO,REPROBADO,REPROBADO,REPROBADO,SI
2243330374,G,I.S.C. ,1,1,0,0,1,1,0,0,0,0,0,0,1,0,0,0,0,0,0,1,0,0,0,0,0,1,0,1,0,50,11,13,50,4,1,1,2,28,8,REPROBADO,REPROBADO,REPROBADO,REPROBADO,REPROBADO,SI
2243330350,G,I.S.C. ,0,1,0,0,0,0,1,1,1,0,0,0,0,0,0,0,0,0,0,1,0,1,1,0,0,0,0,0,1,38,11,38,25,3,1,3,1,28,8,REPROBADO,REPROBADO,REPROBADO,REPROBADO,REPROBADO,SI
2243330193,E,I.I.S.,1,0,1,0,0,1,1,1,0,1,1,1,0,0,0,0,0,0,0,0,0,0,0,0,0,0,0,0,0,63,33,0,0,5,3,0,0,28,8,APROBADO,REPROBADO,REPROBADO,REPROBADO,REPROBADO,SI
2243330377,G,I.S.C. ,1,0,0,0,0,1,1,0,0,1,0,0,1,0,0,0,0,1,0,0,0,0,0,0,0,0,1,0,0,38,22,13,25,3,2,1,1,24,7,REPROBADO,REPROBADO,REPROBADO,REPROBADO,REPROBADO,SI
2243330029,R,I.C.,1,0,0,0,0,1,0,1,1,0,0,0,0,0,0,0,0,0,0,0,1,0,1,0,0,0,0,0,1,38,11,25,25,3,1,2,1,24,7,REPROBADO,REPROBADO,REPROBADO,REPROBADO,REPROBADO,SI
2243330056,R,I.C.,1,1,0,1,1,1,0,0,0,0,0,0,0,0,0,0,0,1,1,0,0,0,0,0,0,0,0,0,0,63,0,25,0,5,0,2,0,24,7,APROBADO,REPROBADO,REPROBADO,REPROBADO,REPROBADO,SI
2243330067,R,I.C.,1,1,1,1,0,1,0,0,0,0,0,0,0,0,0,0,0,0,0,1,1,0,0,0,0,0,0,0,0,63,0,25,0,5,0,2,0,24,7,APROBADO,REPROBADO,REPROBADO,REPROBADO,REPROBADO,SI
2243330081,B,I.C.,0,0,0,0,0,0,0,0,1,0,0,0,0,0,0,0,0,1,0,1,0,1,1,1,1,0,0,0,0,0,11,75,0,0,1,6,0,24,7,REPROBADO,REPROBADO,APROBADO,REPROBADO,REPROBADO,SI
2243330088,B,I.C.,0,1,0,0,1,0,1,0,0,0,0,0,0,0,0,0,0,0,1,0,0,0,1,0,1,0,0,1,0,38,0,38,25,3,0,3,1,24,7,REPROBADO,REPROBADO,REPROBADO,REPROBADO,REPROBADO,SI
2243330041,B,I.C.,0,0,0,1,0,1,0,0,1,1,0,0,1,0,0,0,0,0,0,1,0,0,0,0,0,1,0,0,0,25,33,13,25,2,3,1,1,24,7,REPROBADO,REPROBADO,REPROBADO,REPROBADO,REPROBADO,SI
2243330307,H,I.S.C.,1,0,0,0,1,1,1,0,1,0,0,0,0,0,0,0,0,0,0,1,1,0,0,0,0,0,0,0,0,50,11,25,0,4,1,2,0,24,7,REPROBADO,REPROBADO,REPROBADO,REPROBADO,REPROBADO,SI
No se Encontro,T,I.N.,0,1,1,0,1,0,1,0,0,0,0,0,0,0,0,0,0,1,0,0,0,0,0,0,0,1,1,0,0,50,0,13,50,4,0,1,2,24,7,REPROBADO,REPROBADO,REPROBADO,REPROBADO,REPROBADO,SI
2243330289,T,I.N.,0,0,0,0,1,0,1,0,1,0,0,1,0,0,0,0,0,0,0,1,1,0,0,0,0,0,0,1,0,25,22,25,25,2,2,2,1,24,7,REPROBADO,REPROBADO,REPROBADO,REPROBADO,REPROBADO,SI
2193270091,T,I.N.,1,0,1,0,0,1,1,1,1,0,0,0,1,0,0,0,0,0,0,0,0,0,0,0,0,0,0,0,0,63,22,0,0,5,2,0,0,24,7,APROBADO,REPROBADO,REPROBADO,REPROBADO,REPROBADO,SI
2243335004,T,I.N.,0,0,0,0,0,1,1,0,1,0,0,0,0,0,0,0,0,0,1,1,1,0,1,0,0,0,0,0,0,25,11,50,0,2,1,4,0,24,7,REPROBADO,REPROBADO,REPROBADO,REPROBADO,REPROBADO,SI
2203267149,T,I.N.,1,0,0,0,0,1,0,0,0,0,0,0,0,0,0,0,0,0,1,0,1,0,0,0,0,1,1,0,1,25,0,25,75,2,0,2,3,24,7,REPROBADO,REPROBADO,REPROBADO,APROBADO,REPROBADO,SI
2243335013,T,I.N.,0,0,0,1,0,0,1,0,0,0,0,0,0,0,0,0,0,0,0,1,0,1,1,0,0,1,0,1,0,25,0,38,50,2,0,3,2,24,7,REPROBADO,REPROBADO,REPROBADO,REPROBADO,REPROBADO,SI
2243335019,T,I.N.,0,0,0,0,1,1,1,1,0,0,0,0,0,0,0,0,0,0,0,1,1,0,0,0,0,0,0,1,0,50,0,25,25,4,0,2,1,24,7,REPROBADO,REPROBADO,REPROBADO,REPROBADO,REPROBADO,SI
2243330349,H,I.S.C.,0,1,1,0,1,0,1,0,0,0,0,1,0,0,0,0,0,1,1,0,0,0,0,0,0,0,0,0,0,50,11,25,0,4,1,2,0,24,7,REPROBADO,REPROBADO,REPROBADO,REPROBADO,REPROBADO,SI
2243330300,H,I.S.C.,1,0,0,0,1,1,0,0,0,0,0,1,1,0,1,0,0,0,1,0,0,0,0,0,0,0,0,0,0,38,33,13,0,3,3,1,0,24,7,REPROBADO,REPROBADO,REPROBADO,REPROBADO,REPROBADO,SI
2243330220,D,I.I.S.,1,0,1,0,1,0,0,1,0,0,0,0,1,1,0,0,0,0,0,0,0,0,0,0,0,0,0,1,0,50,22,0,25,4,2,0,1,24,7,REPROBADO,REPROBADO,REPROBADO,REPROBADO,REPROBADO,SI
2243335008,D,I.I.S.,1,0,0,0,0,1,0,1,1,0,0,0,0,0,0,0,0,0,0,1,1,0,0,0,0,0,0,1,0,38,11,25,25,3,1,2,1,24,7,REPROBADO,REPROBADO,REPROBADO,REPROBADO,REPROBADO,SI
2243330225,D,I.I.S.,1,1,1,0,0,1,0,0,1,0,0,0,0,0,0,0,0,0,0,0,1,0,0,0,0,0,1,0,0,50,11,13,25,4,1,1,1,24,7,REPROBADO,REPROBADO,REPROBADO,REPROBADO,REPROBADO,SI
2243330151,D,I.I.S.,1,0,0,1,0,1,0,1,1,0,1,0,0,0,0,0,0,0,0,0,0,0,0,0,0,0,0,0,1,50,22,0,25,4,2,0,1,24,7,REPROBADO,REPROBADO,REPROBADO,REPROBADO,REPROBADO,SI
2203216010,D,I.I.S.,0,0,0,0,0,1,0,0,0,1,0,0,0,0,0,0,0,0,0,1,1,0,0,0,0,1,1,1,0,13,11,25,75,1,1,2,3,24,7,REPROBADO,REPROBADO,REPROBADO,APROBADO,REPROBADO,SI
2243330309,I,I.S.C.,0,0,0,0,0,1,0,0,1,0,0,0,0,0,0,0,0,1,1,1,0,0,0,0,0,0,0,1,1,13,11,38,50,1,1,3,2,24,7,REPROBADO,REPROBADO,REPROBADO,REPROBADO,REPROBADO,SI
2243330334,I,I.S.C.,1,0,1,0,0,1,1,0,0,0,0,0,0,0,0,0,0,0,0,0,0,1,1,0,0,0,0,1,0,50,0,25,25,4,0,2,1,24,7,REPROBADO,REPROBADO,REPROBADO,REPROBADO,REPROBADO,SI
2243330233,Q,I.N.,1,0,1,0,1,0,0,1,0,0,1,0,0,0,0,0,0,0,0,0,0,1,1,0,0,0,0,0,0,50,11,25,0,4,1,2,0,24,7,REPROBADO,REPROBADO,REPROBADO,REPROBADO,REPROBADO,SI
2243330053,A,I.C.,1,0,0,0,0,1,0,0,1,1,0,1,0,0,0,0,0,0,0,0,1,1,0,0,0,0,0,0,0,25,33,25,0,2,3,2,0,24,7,REPROBADO,REPROBADO,REPROBADO,REPROBADO,REPROBADO,SI
2213262029,A,I.C.,0,1,0,0,0,0,1,1,1,1,0,1,0,0,0,0,0,0,0,0,0,0,0,0,0,0,0,1,0,38,33,0,25,3,3,0,1,24,7,REPROBADO,REPROBADO,REPROBADO,REPROBADO,REPROBADO,SI
2241330009,A,I.C.,1,1,0,0,0,1,1,0,0,0,1,1,0,0,0,0,0,1,0,0,0,0,0,0,0,0,0,0,0,50,22,13,0,4,2,1,0,24,7,REPROBADO,REPROBADO,REPROBADO,REPROBADO,REPROBADO,SI
2243330385,G,I.S.C. ,1,1,1,0,1,1,1,0,0,0,0,0,0,0,0,0,0,1,0,0,0,0,0,0,0,0,0,0,0,75,0,13,0,6,0,1,0,24,7,APROBADO,REPROBADO,REPROBADO,REPROBADO,REPROBADO,SI
2243330299,G,I.S.C. ,1,0,0,0,0,1,0,1,0,0,1,0,1,0,0,0,0,1,0,0,1,0,0,0,0,0,0,0,0,38,22,25,0,3,2,2,0,24,7,REPROBADO,REPROBADO,REPROBADO,REPROBADO,REPROBADO,SI
2243330365,G,I.S.C. ,1,1,1,0,1,1,1,0,0,0,0,0,0,0,0,0,0,0,1,0,0,0,0,0,0,0,0,0,0,75,0,13,0,6,0,1,0,24,7,APROBADO,REPROBADO,REPROBADO,REPROBADO,REPROBADO,SI
2243330160,E,I.I.S.,1,0,0,0,0,0,0,0,0,0,0,0,0,0,0,0,0,1,1,1,0,1,1,0,0,0,0,0,1,13,0,63,25,1,0,5,1,24,7,REPROBADO,REPROBADO,APROBADO,REPROBADO,REPROBADO,SI
2243330194,E,I.I.S.,1,1,0,0,1,0,0,1,0,1,0,0,0,0,0,0,0,0,0,1,0,0,0,0,0,0,0,1,0,50,11,13,25,4,1,1,1,24,7,REPROBADO,REPROBADO,REPROBADO,REPROBADO,REPROBADO,SI
2243330198,E,I.I.S.,0,0,1,1,1,1,1,1,1,0,0,0,0,0,0,0,0,0,0,0,0,0,0,0,0,0,0,0,0,75,11,0,0,6,1,0,0,24,7,APROBADO,REPROBADO,REPROBADO,REPROBADO,REPROBADO,SI
2243330070,R,I.C.,1,0,0,0,0,0,0,0,0,0,0,0,0,0,0,0,0,0,1,0,1,1,1,1,0,0,0,0,0,13,0,63,0,1,0,5,0,21,6,REPROBADO,REPROBADO,APROBADO,REPROBADO,REPROBADO,SI
2243330091,B,I.C.,0,0,0,0,1,0,1,0,1,0,0,0,0,0,0,0,0,1,0,1,0,0,0,0,0,0,0,0,1,25,11,25,25,2,1,2,1,21,6,REPROBADO,REPROBADO,REPROBADO,REPROBADO,REPROBADO,SI
2243330125,B,I.C.,0,1,1,1,0,0,0,0,0,0,0,1,0,0,0,0,0,0,0,0,0,0,0,0,0,0,0,1,1,38,11,0,50,3,1,0,2,21,6,REPROBADO,REPROBADO,REPROBADO,REPROBADO,REPROBADO,SI
2233390240,B,I.C.,0,1,0,0,0,0,1,0,0,0,0,0,0,0,0,0,0,1,1,1,1,0,0,0,0,0,0,0,0,25,0,50,0,2,0,4,0,21,6,REPROBADO,REPROBADO,REPROBADO,REPROBADO,REPROBADO,SI
2243330094,B,I.C.,0,0,0,1,0,0,1,1,0,0,0,0,0,0,0,0,0,0,1,1,0,0,0,0,0,1,0,0,0,38,0,25,25,3,0,2,1,21,6,REPROBADO,REPROBADO,REPROBADO,REPROBADO,REPROBADO,SI
2243330123,B,I.C.,0,1,0,0,1,0,1,0,0,0,0,0,0,0,0,0,0,1,1,0,0,0,0,0,0,1,0,0,0,38,0,25,25,3,0,2,1,21,6,REPROBADO,REPROBADO,REPROBADO,REPROBADO,REPROBADO,SI
2243330009,S,I.C.,1,0,0,1,0,0,0,1,0,0,0,0,0,0,0,0,0,1,1,1,0,0,0,0,0,0,0,0,0,38,0,38,0,3,0,3,0,21,6,REPROBADO,REPROBADO,REPROBADO,REPROBADO,REPROBADO,SI
2243330059,S,I.C.,1,0,0,0,1,0,0,0,1,0,0,1,0,0,0,0,0,1,1,0,0,0,0,0,0,0,0,0,0,25,22,25,0,2,2,2,0,21,6,REPROBADO,REPROBADO,REPROBADO,REPROBADO,REPROBADO,SI
2243330113,S,I.C.,0,0,1,0,0,0,0,1,0,0,0,0,1,0,0,0,0,0,0,0,1,0,0,0,0,1,1,0,0,25,11,13,50,2,1,1,2,21,6,REPROBADO,REPROBADO,REPROBADO,REPROBADO,REPROBADO,SI
2223320305,S,I.C.,1,1,1,0,0,0,1,0,0,0,0,0,0,0,0,0,0,0,1,1,0,0,0,0,0,0,0,0,0,50,0,25,0,4,0,2,0,21,6,REPROBADO,REPROBADO,REPROBADO,REPROBADO,REPROBADO,SI
2243330288,T,I.N.,0,0,0,1,0,0,0,0,1,0,0,0,0,0,0,0,0,1,1,1,0,1,0,0,0,0,0,0,0,13,11,50,0,1,1,4,0,21,6,REPROBADO,REPROBADO,REPROBADO,REPROBADO,REPROBADO,SI
2243330254,T,I.N.,0,0,0,0,0,1,1,0,0,0,0,0,0,0,0,0,0,1,0,0,1,0,0,0,0,1,1,0,0,25,0,25,50,2,0,2,2,21,6,REPROBADO,REPROBADO,REPROBADO,REPROBADO,REPROBADO,SI
2243330380,H ,I.S.C.,1,1,0,0,0,1,0,0,0,0,0,0,1,0,0,0,0,0,0,0,0,1,1,0,0,0,0,0,0,38,11,25,0,3,1,2,0,21,6,REPROBADO,REPROBADO,REPROBADO,REPROBADO,REPROBADO,SI
2243330137,C,I.I.S.,1,1,0,1,0,0,1,0,0,0,0,0,0,0,0,0,0,0,1,1,0,0,0,0,0,0,0,0,0,50,0,25,0,4,0,2,0,21,6,REPROBADO,REPROBADO,REPROBADO,REPROBADO,REPROBADO,SI
2243330145,D,I.I.S.,1,0,0,0,0,1,0,1,0,0,0,0,0,0,0,0,0,0,0,1,0,0,0,0,0,1,1,0,0,38,0,13,50,3,0,1,2,21,6,REPROBADO,REPROBADO,REPROBADO,REPROBADO,REPROBADO,SI
2243330132,D,I.I.S.,1,1,1,0,1,1,1,0,0,0,0,0,0,0,0,0,0,0,0,0,0,0,0,0,0,0,0,0,0,75,0,0,0,6,0,0,0,21,6,APROBADO,REPROBADO,REPROBADO,REPROBADO,REPROBADO,SI
2243330131,D,I.I.S.,1,0,1,1,0,1,0,0,1,0,0,0,0,0,0,0,0,0,0,1,0,0,0,0,0,0,0,0,0,50,11,13,0,4,1,1,0,21,6,REPROBADO,REPROBADO,REPROBADO,REPROBADO,REPROBADO,SI
2243330144,D,I.I.S.,1,0,1,0,1,0,0,0,0,0,0,0,0,0,0,0,0,0,0,1,1,0,0,0,0,0,0,0,1,38,0,25,25,3,0,2,1,21,6,REPROBADO,REPROBADO,REPROBADO,REPROBADO,REPROBADO,SI
2243330306,J,I.S.C.,1,1,0,0,1,1,0,0,1,0,0,0,1,0,0,0,0,0,0,0,0,0,0,0,0,0,0,0,0,50,22,0,0,4,2,0,0,21,6,REPROBADO,REPROBADO,REPROBADO,REPROBADO,REPROBADO,SI
2243330312,J,I.S.C.,1,0,0,0,0,0,1,0,0,1,0,0,0,0,0,0,0,1,1,0,1,0,0,0,0,0,0,0,0,25,11,38,0,2,1,3,0,21,6,REPROBADO,REPROBADO,REPROBADO,REPROBADO,REPROBADO,SI
2243330351,I,I.S.C.,0,0,0,0,0,1,1,1,0,0,0,1,0,0,0,0,0,0,1,1,0,0,0,0,0,0,0,0,0,38,11,25,0,3,1,2,0,21,6,REPROBADO,REPROBADO,REPROBADO,REPROBADO,REPROBADO,SI
2243330277,Q,I.N.,0,0,0,0,0,0,1,0,1,0,0,0,1,0,0,0,0,0,0,0,0,0,0,0,0,1,1,1,0,13,22,0,75,1,2,0,3,21,6,REPROBADO,REPROBADO,REPROBADO,APROBADO,REPROBADO,SI
2243330266,Q,I.N.,0,1,1,0,1,0,0,0,1,0,1,0,0,0,0,0,0,0,0,1,0,0,0,0,0,0,0,0,0,38,22,13,0,3,2,1,0,21,6,REPROBADO,REPROBADO,REPROBADO,REPROBADO,REPROBADO,SI
2243330260,Q,I.N.,0,1,1,0,0,0,0,1,0,0,0,1,0,0,0,0,0,0,0,0,0,0,1,1,0,0,0,0,0,38,11,25,0,3,1,2,0,21,6,REPROBADO,REPROBADO,REPROBADO,REPROBADO,REPROBADO,SI
2243330027,A,I.C.,1,0,0,1,1,1,1,0,0,0,0,0,0,0,0,0,0,0,0,0,0,0,0,0,0,0,1,0,0,63,0,0,25,5,0,0,1,21,6,APROBADO,REPROBADO,REPROBADO,REPROBADO,REPROBADO,SI
2243330035,A,I.C.,0,0,0,0,0,1,1,0,0,0,0,1,0,0,0,0,0,0,0,0,1,1,0,0,0,0,0,1,0,25,11,25,25,2,1,2,1,21,6,REPROBADO,REPROBADO,REPROBADO,REPROBADO,REPROBADO,SI
2243330302,G,I.S.C. ,1,1,0,0,0,1,0,1,0,0,0,1,0,0,0,0,0,0,0,1,0,0,0,0,0,0,0,0,0,50,11,13,0,4,1,1,0,21,6,REPROBADO,REPROBADO,REPROBADO,REPROBADO,REPROBADO,SI
2243330418,G,I.S.C. ,1,1,1,0,1,0,1,0,0,0,0,0,0,0,0,0,0,0,0,0,0,0,0,0,0,0,0,1,0,63,0,0,25,5,0,0,1,21,6,APROBADO,REPROBADO,REPROBADO,REPROBADO,REPROBADO,SI
2203275063,F,I.I.S.,1,0,0,0,1,0,0,1,0,1,0,0,0,0,0,0,0,0,0,0,1,0,0,0,0,1,0,0,0,38,11,13,25,3,1,1,1,21,6,REPROBADO,REPROBADO,REPROBADO,REPROBADO,REPROBADO,SI
2243330248,E,I.I.S.,1,0,0,0,0,0,0,1,1,0,0,1,0,0,0,0,0,0,0,0,0,0,0,0,0,1,1,0,0,25,22,0,50,2,2,0,2,21,6,REPROBADO,REPROBADO,REPROBADO,REPROBADO,REPROBADO,SI
2243330150,E,I.I.S.,1,0,0,0,0,0,1,0,1,0,0,0,0,0,0,0,0,0,0,0,0,1,1,0,0,0,0,1,0,25,11,25,25,2,1,2,1,21,6,REPROBADO,REPROBADO,REPROBADO,REPROBADO,REPROBADO,SI
2243330217,F,I.I.S.,1,0,0,1,1,0,0,0,0,0,0,1,0,0,0,0,0,0,0,0,0,0,0,0,0,1,0,1,0,38,11,0,50,3,1,0,2,21,6,REPROBADO,REPROBADO,REPROBADO,REPROBADO,REPROBADO,SI
2223350139,E,I.I.S.,0,0,0,1,0,0,0,0,1,1,0,0,0,0,0,0,0,1,0,1,0,0,0,0,0,0,0,1,0,13,22,25,25,1,2,2,1,21,6,REPROBADO,REPROBADO,REPROBADO,REPROBADO,REPROBADO,SI
2243330002,B,I.C.,0,1,0,0,0,0,1,0,0,0,0,0,0,0,0,0,0,1,1,0,0,0,0,0,0,0,0,1,0,25,0,25,25,2,0,2,1,17,5,REPROBADO,REPROBADO,REPROBADO,REPROBADO,REPROBADO,SI
2243330018,B,I.C.,0,0,0,1,0,0,0,1,0,1,1,0,0,0,0,0,0,0,0,1,0,0,0,0,0,0,0,0,0,25,22,13,0,2,2,1,0,17,5,REPROBADO,REPROBADO,REPROBADO,REPROBADO,REPROBADO,SI
2243330022,S,I.C.,0,0,1,0,1,0,1,0,1,0,0,0,0,0,0,0,0,0,0,0,0,0,0,0,0,0,0,0,1,38,11,0,25,3,1,0,1,17,5,REPROBADO,REPROBADO,REPROBADO,REPROBADO,REPROBADO,SI
2243330039,S,I.C.,0,0,0,0,1,0,0,1,0,0,0,0,0,0,0,0,0,1,1,1,0,0,0,0,0,0,0,0,0,25,0,38,0,2,0,3,0,17,5,REPROBADO,REPROBADO,REPROBADO,REPROBADO,REPROBADO,SI
2243330040,S,I.C.,1,0,0,0,0,1,0,0,1,0,0,1,0,0,0,0,0,0,0,0,0,0,0,0,0,1,0,0,0,25,22,0,25,2,2,0,1,17,5,REPROBADO,REPROBADO,REPROBADO,REPROBADO,REPROBADO,SI
2243330259,T,I.N.,1,0,0,0,1,0,0,0,0,1,0,1,0,0,0,0,0,0,0,0,0,0,0,0,0,1,0,0,0,25,22,0,25,2,2,0,1,17,5,REPROBADO,REPROBADO,REPROBADO,REPROBADO,REPROBADO,SI
2243330290,T,I.N.,1,0,0,0,0,0,0,0,1,0,0,0,0,0,0,0,0,1,0,0,1,0,0,0,0,0,1,0,0,13,11,25,25,1,1,2,1,17,5,REPROBADO,REPROBADO,REPROBADO,REPROBADO,REPROBADO,SI
2243330265,T,I.N.,1,0,1,1,0,0,0,0,0,0,0,0,0,0,0,0,0,0,1,0,0,0,0,0,0,0,0,1,0,38,0,13,25,3,0,1,1,17,5,REPROBADO,REPROBADO,REPROBADO,REPROBADO,REPROBADO,SI
2213271036,H,I.S.C.,0,0,0,0,0,1,0,1,1,0,0,0,0,0,0,0,0,0,0,1,1,0,0,0,0,0,0,0,0,25,11,25,0,2,1,2,0,17,5,REPROBADO,REPROBADO,REPROBADO,REPROBADO,REPROBADO,SI
2243330202,D,I.I.S.,1,0,1,0,1,0,0,1,0,0,0,0,0,0,0,0,0,0,0,0,0,0,1,0,0,0,0,0,0,50,0,13,0,4,0,1,0,17,5,REPROBADO,REPROBADO,REPROBADO,REPROBADO,REPROBADO,SI
2213267037,D,I.I.S.,0,0,1,0,0,1,0,0,1,0,0,0,0,0,0,0,0,0,0,0,1,0,1,0,0,0,0,0,0,25,11,25,0,2,1,2,0,17,5,REPROBADO,REPROBADO,REPROBADO,REPROBADO,REPROBADO,SI
2213510052,Q,I.N.,0,1,0,0,0,0,0,0,0,0,0,1,0,0,0,0,0,0,1,0,0,0,0,0,0,0,1,1,0,13,11,13,50,1,1,1,2,17,5,REPROBADO,REPROBADO,REPROBADO,REPROBADO,REPROBADO,SI
2243330076,A,I.C.,1,0,0,0,0,0,0,0,0,0,0,1,0,0,0,0,0,0,1,0,0,0,0,0,0,1,1,0,0,13,11,13,50,1,1,1,2,17,5,REPROBADO,REPROBADO,REPROBADO,REPROBADO,REPROBADO,SI
2201370028,G,I.S.C. ,1,1,1,0,1,0,0,0,0,0,0,0,0,0,0,0,0,1,0,0,0,0,0,0,0,0,0,0,0,50,0,13,0,4,0,1,0,17,5,REPROBADO,REPROBADO,REPROBADO,REPROBADO,REPROBADO,SI
2243330176,E,I.I.S.,1,0,1,0,0,1,0,0,1,0,0,0,0,0,0,0,0,0,0,1,0,0,0,0,0,0,0,0,0,38,11,13,0,3,1,1,0,17,5,REPROBADO,REPROBADO,REPROBADO,REPROBADO,REPROBADO,SI
2243330215,F,I.I.S.,0,0,0,0,0,1,1,1,0,0,0,0,0,0,0,0,0,0,1,1,0,0,0,0,0,0,0,0,0,38,0,25,0,3,0,2,0,17,5,REPROBADO,REPROBADO,REPROBADO,REPROBADO,REPROBADO,SI
2243330186,E,I.I.S.,1,0,0,0,1,0,0,0,0,0,0,0,0,0,0,0,0,0,1,0,1,0,0,0,0,0,0,1,0,25,0,25,25,2,0,2,1,17,5,REPROBADO,REPROBADO,REPROBADO,REPROBADO,REPROBADO,SI
2243330196,E,I.I.S.,0,0,0,1,0,0,0,0,1,0,0,1,0,0,0,0,0,0,0,0,0,0,0,0,0,0,0,0,1,13,22,0,25,1,2,0,1,14,4,REPROBADO,REPROBADO,REPROBADO,REPROBADO,REPROBADO,SI
2243330065,R,I.C.,1,0,1,1,1,0,0,0,0,0,0,0,0,0,0,0,0,0,0,0,0,0,0,0,0,0,0,0,0,50,0,0,0,4,0,0,0,14,4,REPROBADO,REPROBADO,REPROBADO,REPROBADO,REPROBADO,SI
2243335007,S,I.C.,1,0,0,0,1,0,0,0,0,0,0,0,0,0,0,0,0,1,0,0,0,0,0,0,0,0,1,0,0,25,0,13,25,2,0,1,1,14,4,REPROBADO,REPROBADO,REPROBADO,REPROBADO,REPROBADO,SI
2183330155,S,I.C.,0,0,0,0,0,0,0,0,0,1,0,0,1,0,0,0,0,0,0,1,0,0,0,0,0,0,0,1,0,0,22,13,25,0,2,1,1,14,4,REPROBADO,REPROBADO,REPROBADO,REPROBADO,REPROBADO,SI
2243330082,S,I.C.,0,0,0,1,0,0,1,0,0,0,0,0,0,0,0,0,0,0,0,0,0,0,0,0,0,1,1,0,0,25,0,0,50,2,0,0,2,14,4,REPROBADO,REPROBADO,REPROBADO,REPROBADO,REPROBADO,SI
2243330263,T,I.N.,0,1,0,0,1,0,0,0,1,0,0,0,0,0,0,0,0,0,1,0,0,0,0,0,0,0,0,0,0,25,11,13,0,2,1,1,0,14,4,REPROBADO,REPROBADO,REPROBADO,REPROBADO,REPROBADO,SI
2243330297,T,I.N.,1,0,0,0,0,1,0,0,0,0,0,0,0,0,0,0,0,0,0,0,0,0,0,0,0,1,0,0,1,25,0,0,50,2,0,0,2,14,4,REPROBADO,REPROBADO,REPROBADO,REPROBADO,REPROBADO,SI
2203510253,T,I.N.,0,1,0,1,0,0,0,1,0,0,0,0,0,0,0,0,0,0,0,1,0,0,0,0,0,0,0,0,0,38,0,13,0,3,0,1,0,14,4,REPROBADO,REPROBADO,REPROBADO,REPROBADO,REPROBADO,SI
2243330292,T,I.N.,1,0,0,0,0,0,0,0,0,0,0,0,0,0,0,0,0,1,0,0,0,0,0,0,0,0,1,1,0,13,0,13,50,1,0,1,2,14,4,REPROBADO,REPROBADO,REPROBADO,REPROBADO,REPROBADO,SI
2243330253,T,I.N.,0,1,0,1,1,0,0,0,0,0,0,1,0,0,0,0,0,0,0,0,0,0,0,0,0,0,0,0,0,38,11,0,0,3,1,0,0,14,4,REPROBADO,REPROBADO,REPROBADO,REPROBADO,REPROBADO,SI
2243335014,T,I.N.,1,1,0,1,0,0,0,0,0,0,0,0,0,0,0,0,0,1,0,0,0,0,0,0,0,0,0,0,0,38,0,13,0,3,0,1,0,14,4,REPROBADO,REPROBADO,REPROBADO,REPROBADO,REPROBADO,SI
2243330222,C,I.I.S.,1,0,0,0,0,0,0,0,0,0,0,0,0,0,0,0,0,0,1,1,0,0,0,0,0,0,1,0,0,13,0,25,25,1,0,2,1,14,4,REPROBADO,REPROBADO,REPROBADO,REPROBADO,REPROBADO,SI
2243330314,J,I.S.C.,0,0,0,0,0,0,0,0,1,0,0,1,0,0,0,0,0,0,0,0,0,0,0,0,0,1,0,1,0,0,22,0,50,0,2,0,2,14,4,REPROBADO,REPROBADO,REPROBADO,REPROBADO,REPROBADO,SI
2213510292,Q,I.N.,0,0,0,0,1,1,0,0,0,0,0,1,0,0,0,0,0,0,0,1,0,0,0,0,0,0,0,0,0,25,11,13,0,2,1,1,0,14,4,REPROBADO,REPROBADO,REPROBADO,REPROBADO,REPROBADO,SI
2243335011,Q,I.N.,0,0,0,0,1,0,0,0,0,0,0,0,0,0,0,0,0,0,1,1,0,0,0,0,0,1,0,0,0,13,0,25,25,1,0,2,1,14,4,REPROBADO,REPROBADO,REPROBADO,REPROBADO,REPROBADO,SI
2213270046,A,I.C.,0,0,1,0,0,1,1,0,0,1,0,0,0,0,0,0,0,0,0,0,0,0,0,0,0,0,0,0,0,38,11,0,0,3,1,0,0,14,4,REPROBADO,REPROBADO,REPROBADO,REPROBADO,REPROBADO,SI
2243330167,F,I.I.S.,1,1,0,0,1,0,0,0,0,0,0,0,0,0,0,0,0,0,0,1,0,0,0,0,0,0,0,0,0,38,0,13,0,3,0,1,0,14,4,REPROBADO,REPROBADO,REPROBADO,REPROBADO,REPROBADO,SI
2243330210,F,I.I.S.,1,0,1,0,0,0,0,1,0,0,0,1,0,0,0,0,0,0,0,0,0,0,0,0,0,0,0,0,0,38,11,0,0,3,1,0,0,14,4,REPROBADO,REPROBADO,REPROBADO,REPROBADO,REPROBADO,SI
2243330278,T,I.N.,0,0,0,0,1,0,0,1,0,0,0,0,0,0,0,0,0,0,0,0,0,0,0,0,0,0,0,0,1,25,0,0,25,2,0,0,1,10,3,REPROBADO,REPROBADO,REPROBADO,REPROBADO,REPROBADO,SI
2213287005,R,I.C.,0,0,1,0,1,0,0,1,0,0,0,0,0,0,0,0,0,0,0,0,0,0,0,0,0,0,0,0,0,38,0,0,0,3,0,0,0,10,3,REPROBADO,REPROBADO,REPROBADO,REPROBADO,REPROBADO,SI
2243330043,S,I.C.,1,0,0,0,0,1,0,1,0,0,0,0,0,0,0,0,0,0,0,0,0,0,0,0,0,0,0,0,0,38,0,0,0,3,0,0,0,10,3,REPROBADO,REPROBADO,REPROBADO,REPROBADO,REPROBADO,SI
2243330264,T,I.N.,0,0,0,0,0,0,1,0,0,0,0,0,0,0,0,0,0,0,0,0,1,0,0,0,0,1,0,0,0,13,0,13,25,1,0,1,1,10,3,REPROBADO,REPROBADO,REPROBADO,REPROBADO,REPROBADO,SI
2183266021,D,I.I.S.,0,0,0,0,0,1,0,0,0,0,0,0,0,0,0,0,0,0,0,1,0,0,0,0,0,0,0,0,1,13,0,13,25,1,0,1,1,10,3,REPROBADO,REPROBADO,REPROBADO,REPROBADO,REPROBADO,SI
2213207068,J,I.S.C.,1,0,0,0,0,0,0,1,0,1,0,0,0,0,0,0,0,0,0,0,0,0,0,0,0,0,0,0,0,25,11,0,0,2,1,0,0,10,3,REPROBADO,REPROBADO,REPROBADO,REPROBADO,REPROBADO,SI
2243330310,J,I.S.C.,0,1,0,0,0,0,0,0,0,0,0,0,0,0,0,0,0,0,1,1,0,0,0,0,0,0,0,0,0,13,0,25,0,1,0,2,0,10,3,REPROBADO,REPROBADO,REPROBADO,REPROBADO,REPROBADO,SI
2243330319,I,I.S.C.,0,0,0,0,0,0,1,0,0,0,0,0,0,0,0,0,0,1,1,0,0,0,0,0,0,0,0,0,0,13,0,25,0,1,0,2,0,10,3,REPROBADO,REPROBADO,REPROBADO,REPROBADO,REPROBADO,SI
2243330320,I,I.S.C.,0,0,0,0,0,1,0,0,0,0,0,0,0,0,0,0,0,0,0,0,0,0,0,0,0,1,0,1,0,13,0,0,50,1,0,0,2,10,3,REPROBADO,REPROBADO,REPROBADO,REPROBADO,REPROBADO,SI
2203223013,A,I.C.,0,1,0,0,1,0,0,1,0,0,0,0,0,0,0,0,0,0,0,0,0,0,0,0,0,0,0,0,0,38,0,0,0,3,0,0,0,10,3,REPROBADO,REPROBADO,REPROBADO,REPROBADO,REPROBADO,SI
2243330170,E,I.I.S.,0,0,0,1,1,0,0,0,0,0,0,0,0,0,0,0,0,0,0,0,0,0,0,0,0,0,0,0,1,25,0,0,25,2,0,0,1,10,3,REPROBADO,REPROBADO,REPROBADO,REPROBADO,REPROBADO,SI
2243330085,R,I.C.,0,0,0,0,0,0,0,0,0,0,0,0,0,0,0,0,0,0,0,0,0,0,0,0,0,1,0,1,0,0,0,0,50,0,0,0,2,7,2,REPROBADO,REPROBADO,REPROBADO,REPROBADO,REPROBADO,SI
2243330267,T,I.N.,0,0,0,1,1,0,0,0,0,0,0,0,0,0,0,0,0,0,0,0,0,0,0,0,0,0,0,0,0,25,0,0,0,2,0,0,0,7,2,REPROBADO,REPROBADO,REPROBADO,REPROBADO,REPROBADO,SI
2243330291,T,I.N.,1,0,0,0,0,0,0,0,0,0,0,0,0,0,0,0,0,0,1,0,0,0,0,0,0,0,0,0,0,13,0,13,0,1,0,1,0,7,2,REPROBADO,REPROBADO,REPROBADO,REPROBADO,REPROBADO,SI
2243330354,H,I.S.C.,0,0,1,0,0,0,0,0,0,0,0,0,0,0,1,0,0,0,0,0,0,0,0,0,0,0,0,0,0,13,11,0,0,1,1,0,0,7,2,REPROBADO,REPROBADO,REPROBADO,REPROBADO,REPROBADO,SI
2243330262,Q,I.N.,0,0,1,0,0,0,0,0,0,0,0,0,0,0,0,0,0,0,0,0,0,0,0,0,0,0,0,0,1,13,0,0,25,1,0,0,1,7,2,REPROBADO,REPROBADO,REPROBADO,REPROBADO,REPROBADO,SI
2243330293,Q,I.N.,0,0,0,0,0,0,0,0,0,0,0,0,0,0,0,0,0,0,0,1,1,0,0,0,0,0,0,0,0,0,0,25,0,0,0,2,0,7,2,REPROBADO,REPROBADO,REPROBADO,REPROBADO,REPROBADO,SI
2203283017,Q,I.N.,0,0,0,0,0,1,0,0,0,0,0,0,0,0,0,0,0,0,0,0,0,0,1,0,0,0,0,0,0,13,0,13,0,1,0,1,0,7,2,REPROBADO,REPROBADO,REPROBADO,REPROBADO,REPROBADO,SI
2243330064,A,I.C.,0,0,0,0,0,1,0,1,0,0,0,0,0,0,0,0,0,0,0,0,0,0,0,0,0,0,0,0,0,25,0,0,0,2,0,0,0,7,2,REPROBADO,REPROBADO,REPROBADO,REPROBADO,REPROBADO,SI
2213332346,E,I.I.S.,0,0,1,0,0,0,0,0,0,0,0,0,0,0,0,0,0,0,0,0,0,0,0,0,0,0,0,0,1,13,0,0,25,1,0,0,1,7,2,REPROBADO,REPROBADO,REPROBADO,REPROBADO,REPROBADO,SI
2243330175,D,I.I.S.,0,0,0,0,0,0,0,0,0,0,0,0,0,0,0,0,0,0,0,0,0,1,0,0,0,0,0,0,0,0,0,13,0,0,0,1,0,3,1,REPROBADO,REPROBADO,REPROBADO,REPROBADO,REPROBADO,SI
2243330283,Q,I.N.,0,0,0,0,0,0,1,0,0,0,0,0,0,0,0,0,0,0,0,0,0,0,0,0,0,0,0,0,0,13,0,0,0,1,0,0,0,3,1,REPROBADO,REPROBADO,REPROBADO,REPROBADO,REPROBADO,SI
2243330341,H,I.S.C.,0,0,0,0,0,0,0,0,0,0,0,0,0,0,0,0,0,0,0,0,0,0,0,0,0,0,0,0,0,0,0,0,0,0,0,0,0,0,0,REPROBADO,REPROBADO,REPROBADO,REPROBADO,REPROBADO,SI
No se Encontro,A,I.C.,0,0,0,0,0,0,0,0,0,0,0,0,0,0,0,0,0,0,0,0,0,0,0,0,0,0,0,0,0,0,0,0,0,0,0,0,0,0,0,REPROBADO,REPROBADO,REPROBADO,REPROBADO,REPROBADO,SI
2233336082,A,I.C.,0,0,0,0,0,0,0,0,0,0,0,0,0,0,0,0,0,0,0,0,0,0,0,0,0,0,0,0,0,0,0,0,0,0,0,0,0,0,0,REPROBADO,REPROBADO,REPROBADO,REPROBADO,REPROBADO,SI
No se Encontro,A,I.C.,0,0,0,0,0,0,0,0,0,0,0,0,0,0,0,0,0,0,0,0,0,0,0,0,0,0,0,0,0,0,0,0,0,0,0,0,0,0,0,REPROBADO,REPROBADO,REPROBADO,REPROBADO,REPROBADO,SI
2243330115,A,I.C.,0,0,0,0,0,0,0,0,0,0,0,0,0,0,0,0,0,0,0,0,0,0,0,0,0,0,0,0,0,0,0,0,0,0,0,0,0,0,0,REPROBADO,REPROBADO,REPROBADO,REPROBADO,REPROBADO,SI
No se Encontro,A,I.C.,0,0,0,0,0,0,0,0,0,0,0,0,0,0,0,0,0,0,0,0,0,0,0,0,0,0,0,0,0,0,0,0,0,0,0,0,0,0,0,REPROBADO,REPROBADO,REPROBADO,REPROBADO,REPROBADO,SI